YTID,debut,fin,label1,label2,label3,label4
7Cv7C_6KxEs,30,40,stream,,,
aDofvBPJJFo,70,80,speech,waterfall,stream,
DWmLuZ5s3KQ,30,40,wave,waterfall,,
i4eFb5Z0wis,30,40,waterfall,,,
36ac6OBbdZM,0,10,rain,orage,orage,
rG3bZ91UFq4,70,80,rain,orage,orage,rain
wDKWdZfgT1E,20,30,rain,orage,,
9R65rxs492w,130,140,,speech,stream,
6QmXVgqNchI,12,22,stream,,,
bYsgP76HUyA,200,210,rain,rain,,
IXXCBN0U2Dg,80,90,,stream,,
YTwbx8qv8EA,50,60,waterfall,,,
OqljMdnL4TI,0,10,waterfall,stream,,
0nefgrVV75k,3,13,speech,stream,,
YEE_8ky5egM,50,60,rain,rain,,
pOMFhtRo_gU,30,40,rain,orage,,
41QL3S3DWbE,30,40,stream,,,
50WuEAFoD6o,23,33,speech,stream,,
4xRMZyo4sQI,30,40,speech,waterfall,,
iqzl2YodMVk,20,30,stream,,,
cd_FOIq7MQ0,20,30,speech,waterfall,,
MNgWQJ8Ugmk,10,20,ecoulement,stream,,
9PwF2y-lReQ,30,40,ecoulement,speech,,stream
qz-8q8Oz2xU,10,20,waterfall,stream,,
D3wNGwvoWAI,30,40,stream,,,
kDFe8CZMk3c,80,90,rain,rain,orage,orage
1w6Nf40yZLc,30,40,speech,waterfall,,
-B8ZLJSiDa0,0,10,rain,rain,,
vqsYHvWfJNo,0,10,,rain,vehicule,car
YkSnTD1PH5A,30,40,waterfall,,,
hyyYs9hWJ0o,0,10,ecoulement,stream,,
Z7exEhWUWGs,480,490,stream,,,
2Npm2u2bb_8,30,40,speech,stream,,
1vOU8_NI8l0,30,40,ecoulement,stream,,
D0_J8kt-mto,0,10,waterfall,,,
FOY2xjkeUrc,390,400,stream,,,
iBUzNiwlkss,30,40,rain,,,
0IBFokh7zKA,30,40,rain,,,
2sLJX8eARLI,23,33,boat,vehicule,speech,stream
QMbUySfRtTQ,20,30,rain,,,
rU3TzzR8nTM,30,40,speech,waterfall,,
4Ay81L06nD8,30,40,speech,stream,,
HhXk6waO5K0,350,360,rain,waterfall,,
xhlK8Rgfp54,60,70,rain,orage,orage,rain
4CyoAzj-DCQ,30,40,stream,,,
2FUdI-OpsQ0,30,40,,speech,stream,
5RMbjzZGNsA,290,300,rain,orage,orage,
8ougd5-gJck,30,40,rain,rain,,
6rnPpt4s7lQ,30,40,rain,rain,,
4IuYnRJwxCk,30,40,stream,,,
exYUkcrLGdI,70,80,rain,orage,orage,
5zNWv74vr_M,140,150,rain,rain,,
HdTrRQXslhE,350,360,rain,,,
gnf7zkrZAkg,400,410,speech,stream,,
55e4u4QqXMo,80,90,waterfall,stream,,
1ju13oM_jd0,30,40,speech,stream,,
S38pF1kVLYI,310,320,rain,orage,orage,rain
fN3YL613sfQ,10,20,rain,rain,,
5SipCVnsTes,30,40,stream,,,
RYs3VsFeSpA,80,90,rain,orage,orage,
jPwRQNKTwRM,30,40,rain,orage,orage,
UzmtV6A3SYE,70,80,rain,vehicule,,
_YB1mm_UkCA,100,110,rain,vehicule,,
_P-DB961ONs,230,240,ecoulement,stream,,
1VvXTcU5GdA,320,330,ecoulement,stream,,
XS3XCKnV35E,400,410,waterfall,,,
3iTItI2devo,30,40,,stream,,
HgsV9wnY7QU,130,140,rain,,,
3EkHK64-blU,30,40,waterfall,,,
1lYv6RaVwxQ,350,360,rain,orage,orage,rain
ZvGqO6ZCT4I,60,70,stream,,,
NIbvXr81s9c,0,10,rain,orage,orage,rain
__1zYI_2aCg,80,90,ecoulement,speech,stream,
IgQMNeoKmZg,30,40,,speech,stream,
DFbXJXLBmiw,30,40,speech,stream,,
TVtVI_aBYk0,30,40,rain,rain,,
2o4HBcz0t6Q,40,50,rain,orage,orage,
AITimaJodvs,10,20,rain,rain,,
7SWVaDxkhZg,300,310,rain,orage,orage,
Ulqcqp1U32s,160,170,rain,,,
8iawDgbSjO0,29,39,rain,rain,,
aH_GIons4KU,30,40,ecoulement,speech,stream,
5rJKBv5V6T0,110,120,speech,stream,,
8ZFwmXRe_Ps,140,150,rain,rain,,
3JOFPG5pKxs,30,40,stream,,,
1P1YxAYTOLk,30,40,speech,stream,,
BUg6q21DA9A,30,40,rain,rain,,
2Pama1bnrSw,10,20,rain,rain,,
85FLh1HqFds,220,230,waterfall,stream,,
fG-4h9Du68E,330,340,rain,rain,orage,orage
NsOm9Hnk0kE,80,90,rain,speech,,
CLWcxTg132U,100,110,ecoulement,stream,,
nzFpPl64-7k,100,110,stream,,,
nDQ-w306Vo0,10,20,speech,stream,,
t3u3ykowlvs,30,40,rain,rain,rain,
i4R57j7-QH8,30,40,rain,rain,rain,
zH8DLXK3DmA,10,20,waterfall,stream,,
-MY6rcWY_S0,130,140,rain,,,
ARMjPjgjXqo,290,300,,stream,,
7_3s8ef8H0s,30,40,rain,rain,,
0hBObRs5XQk,30,40,speech,stream,,
-bFO14tqaXE,30,40,speech,stream,,
lvfKDoPe7OY,60,70,waterfall,,,
killLXKrh9E,160,170,speech,stream,,
-cE1-JmqWOk,30,40,animal,,,stream
PWaXDK-e87Q,30,40,rain,rain,,
02Uz8iSGywU,30,40,,speech,stream,
PwIZLT6m7e0,0,10,,stream,,
vmUBbqit2O8,30,40,stream,,,
9uihLsBb0wY,540,550,stream,,,
WBxs6g_Shp0,260,270,rain,orage,orage,
w22UoYQE1zM,30,40,rain,rain,,
2UUhcFjDcKk,580,590,rain,speech,,
Z422L8gUZGY,0,10,rain,rain,,
4VEMzwgdvws,30,40,speech,stream,,
1Mem3z-1404,30,40,,,speech,stream
op7HVZDjvu4,40,50,,vehicule,speech,stream
2fTW-uCUe8Y,30,40,,speech,stream,
H19RaejtNBY,50,60,speech,waterfall,,
0xqlixJCGfM,21,31,speech,stream,,
gU9BCS8YpN8,110,120,rain,,,
gp7urcjWsFo,260,270,speech,stream,,
dOqSbUVa9xs,80,90,speech,waterfall,,
2RuQ7wpOzRk,30,40,rain,rain,,
-IsdUU2EGNc,30,40,ecoulement,speech,stream,
Geoi2eJhy5w,50,60,rain,,,
dwio3_WypHE,150,160,,rain,vehicule,car
aLcuT4ddBRY,90,100,ecoulement,stream,,
p0yZ7k1VDB8,10,20,,rain,vehicule,speech
mPVHmrMoTFs,160,170,waterfall,,,
5toLG8XAjKk,70,80,speech,waterfall,,
ZR7bpDbtE2g,90,100,stream,,,
NwXtgBP-_ec,70,80,rain,orage,orage,
lMJHT1ySsMk,0,10,rain,orage,orage,
Dp3eFwfE5JM,210,220,waterfall,stream,,
YrrAK3k1XNg,0,10,stream,,,
sDU0X-GLQHQ,160,170,stream,,,
UN0dFDnzPt4,40,50,stream,,,
3wFTG-FwtlQ,27,37,speech,stream,,
3MfIFWgk2Qk,30,40,waterfall,,,
tctb93LjKnY,400,410,rain,rain,,
1wkT1V9zoNk,11,21,stream,,,
19tCJy7iDic,10,20,,stream,,
oLY-xOHXoL0,30,40,rain,rain,,
IXtBQ7txNEA,300,310,rain,orage,orage,rain
vZ3lXIwT7fw,480,490,rain,rain,,
NEVVJdXpsmA,70,80,rain,,,
N4vB8PO1fuA,80,90,stream,,,
gfxXRH-tV2U,100,110,rain,orage,orage,
8gR0Ar784sg,200,210,,rain,,
uZ0befV3QFo,150,160,rain,,,
j1IyYNebajE,0,10,rain,rain,orage,orage
3Krt71uhCsI,30,40,waterfall,,,
4jPBwbiqR4k,30,40,speech,stream,,
0FDWsTXC620,30,40,rain,rain,,
4WW4AWJIjOs,30,40,speech,waterfall,,
lNtja6ipeoo,180,190,rain,vehicule,car,
5rYrSOks7tY,290,300,stream,,,
aDepy75tt_U,120,130,rain,speech,,
3tiRGsjv3v4,30,40,waterfall,stream,,
5C7T9dc-hdw,0,9,speech,stream,,
A4txcAJfbQ0,0,10,rain,orage,orage,
OjIo-qkVn-g,70,80,rain,rain,,
BxPa2xZBx9g,30,40,rain,rain,,
VbFGzfu04XE,180,190,waterfall,,,
hqhhZatTUNs,0,10,rain,orage,orage,
mnAm6F0MsD4,20,30,waterfall,,,
bRA04w4T0rk,10,20,rain,,,
-lOZ_pTYs2I,30,40,speech,stream,,
1sXibe7jU8A,30,40,rain,rain,,
x-PeY8Yb8M4,300,310,stream,,,
1wPmJWbq_ZI,30,40,waterfall,stream,,
0psR5eGeNCU,30,40,speech,stream,,
H3ZAh0kgyFY,30,40,rain,rain,,
Ep_OfZlEHt8,21,31,waterfall,,,
K_sKPio4c0o,50,60,waterfall,,,
NTRN0-hq9sc,230,240,waterfall,,,
V2SP3dRFUqE,30,40,rain,rain,orage,orage
Ek7nHiwq8kg,110,120,rain,rain,,
RmRw8A0O7Ig,30,40,rain,rain,,
RiHxfxacJ0I,30,40,stream,,,
0GZTtQG4ijI,110,120,rain,,,
TipAghezizo,30,40,rain,rain,,
3R6pxxBceZY,40,50,ecoulement,stream,,
4ygqGD_Sq3o,30,40,,speech,stream,
NUk7iIhieAQ,370,380,rain,,,
KTabDQo1wNU,80,90,stream,,,
GKfs4Aslfmk,30,40,speech,stream,,
xhFSV-RTO0Y,80,90,speech,stream,,
2KBdk_wlnfM,30,40,speech,stream,,
c5VLY_sAIWM,480,490,rain,speech,,
fQyuYGlXe40,160,170,speech,stream,,
-pZNCCwKcak,28,38,rain,rain,,
Jk4jwKSY_4k,280,290,rain,,,
5En8HIFrELY,30,40,,waterfall,,
HH8AEQTCaaM,100,110,speech,stream,,
B3xU24islaA,50,60,rain,speech,,
tVHw1AuoaqU,90,100,rain,orage,,
58jVyup_zRk,30,40,,stream,,
0MnFXcdvPJo,30,40,,waterfall,,
95eYuga9Ddg,22,32,,stream,,
avuQ6Cw2GYk,30,40,rain,rain,,
tMay5gT2T4Y,30,40,rain,rain,,
0BOeMRA404I,70,80,rain,rain,,
2E1p9hcjRxw,30,40,speech,waterfall,,
wsZa2uv-GOI,0,10,waterfall,stream,,
HD6PVjluwr0,0,10,ecoulement,speech,stream,
C1dXq04kxKc,30,40,rain,orage,orage,
2qoP_id5leo,0,6,speech,waterfall,,
S2WgIF_GN20,70,80,waterfall,,,
0GM4U_5ELFQ,160,170,speech,stream,,
PA8Npyz9s1I,100,110,stream,,,
VATwumE0ZiI,160,170,rain,,,
19YroPr1psI,30,40,speech,waterfall,,
1s01YidnKqE,210,220,speech,waterfall,,
zwu6RhBaChw,10,20,rain,orage,orage,rain
2gTqxrutLBw,30,40,stream,,,
UCrB6F59PhY,90,100,waterfall,stream,,
dIsD7DM9FpU,110,120,rain,,,
02yKekhQaC8,12,22,ecoulement,waterfall,stream,
34KE6EaiQrQ,30,40,rain,rain,rain,
H-n2xatx5kQ,110,120,rain,vehicule,,
RSgx3Hytjsg,25,35,speech,stream,,
0ovumST5Js8,30,40,waterfall,stream,,
05FLJw6nljs,30,40,,speech,stream,
DOGr53Y-d0g,17,27,stream,,,
OA368GmCi70,0,10,waterfall,,,
Z1rYn4bHKd0,0,6,rain,,,
5UBLjDc5Ogk,27,37,,speech,stream,
mYoxpzh433Q,20,30,rain,rain,,
e4WQpMlpm4w,20,30,rain,orage,orage,rain
0vprp-OAu6E,220,230,speech,stream,,
B8MrIb8eiT4,430,440,waterfall,,,
gpSrXa5kMls,30,40,rain,orage,orage,rain
6EOrBk1WMLM,10,20,stream,,,
r-FfNl8Ld9k,30,40,rain,orage,orage,rain
BiYlbbdbmTg,90,100,waterfall,,,
pOHfOle91ns,410,420,speech,waterfall,,
a-F2KlcgfRU,230,240,speech,stream,,
2JJkHopBGjU,0,4,waterfall,,,
r5TfA1gPmRY,330,340,speech,stream,,
ZThDHN5SAiQ,0,10,waterfall,,,
-1Il-TZDdUQ,30,40,,speech,stream,
3NPjAdhdB7U,30,40,,speech,stream,
S5H6ij8DY2U,60,70,waterfall,stream,,
ToU1kRagUjY,0,10,,rain,orage,orage
ezNxQB3AWLI,10,20,rain,,,
X5WQtyLhzPI,180,190,rain,rain,,
-PSP1aH-8nI,30,40,speech,stream,,
nsQzXPGiTT4,50,60,,rain,vehicule,car
jdttCixjAxs,10,20,stream,,,
F7n6PiYC8nY,0,10,,rain,orage,
yTlFMCJ2G4I,10,20,rain,,,
-VjIC9m7fcI,160,170,waterfall,,,
a7EOP20sU94,60,70,rain,,,
GYeIDVcvgKA,60,70,stream,,,
2_mph9L7MIw,30,40,speech,stream,,
C_fv4GUVZXk,30,40,speech,stream,,
JVTPub9WISQ,50,60,stream,animal,,
q4_OdUkQAo4,220,230,stream,,,
EQJ7WpIHUqw,130,140,speech,stream,,
UHA2UU8TgAI,410,420,waterfall,,,
ClmQxZ1FmSc,340,350,speech,stream,,
vSdX3qcFnFo,0,10,rain,rain,orage,orage
4j7YXokbxwM,30,40,,speech,stream,
QEVngIRLCQY,220,230,,waterfall,stream,animal
mWLF7eTLI4o,160,170,stream,,,
56fOhbq4VZ8,6,16,,stream,,
M9ROlDY7Le4,50,60,speech,waterfall,,
ciNRbR51RmU,40,50,,speech,stream,
HhXk6waO5K0,350,360,rain,waterfall,,
aURIhOFdHkE,22,32,stream,,,
_RFNY01IjFc,70,80,rain,orage,rain,
MCJqq3uqLdU,80,90,speech,waterfall,,
TzNxtUvFrmA,30,40,ecoulement,stream,,
quZFkZyX_wc,280,290,stream,,,
sesJOSAu41Y,10,20,rain,orage,orage,rain
f4BDxEci8Nk,40,50,ecoulement,ecoulement,stream,
YYlL6TFt3yk,30,40,speech,stream,,
tMSBMT-qvfk,0,10,rain,orage,orage,
4YqeBt5KJ_Y,30,40,stream,,,
2cHaZxzHX44,30,40,stream,,,
4GGWDYT_vYM,0,10,rain,,,
FqwPXt4UcT4,30,40,,stream,,
Wm4GbzUUdL4,80,90,rain,speech,,
_nagWDng0mo,30,40,rain,,,
7Tqm9sSzYt8,40,50,stream,,,
fD3SanXDIyw,20,30,waterfall,,,
ES6uOsjPUoA,130,140,rain,rain,orage,orage
-MGJvkOzwX8,30,40,,stream,,
2_9hG8u7Dsk,30,40,rain,,,
zXm-MU32gIQ,50,60,rain,vehicule,,
E9j9Jx-nF2I,30,40,stream,,,
5LoYaKPyA88,30,40,speech,stream,,
yRUa4Ab9Kis,230,240,ecoulement,ecoulement,speech,stream
y_5EC-tGuGQ,30,40,waterfall,,,
olCYaSmYIfU,250,260,rain,orage,orage,
4G43BFasXP8,350,360,rain,,,
rK6oMZf2TKY,0,10,stream,,,
-COXAwmZkyI,30,40,speech,waterfall,stream,
10S3WNwqBHo,0,9,rain,rain,,
9VZX8HU-BRA,120,130,ecoulement,speech,stream,
oFjmzFTtqn0,50,60,rain,vehicule,car,
_759fQPP7zk,150,160,rain,,,
BLqV1tGQEes,310,320,rain,rain,,
5J9W5SRJ7zk,30,40,rain,rain,,
3epeaXqHgkw,30,40,rain,orage,rain,
tGEN4sspzDY,140,150,stream,,,
9E7GiRH8Stw,470,480,stream,,,
1atSr674Wgs,40,50,stream,,,
ypQYtYMhs8A,350,360,rain,rain,,
HwqGioNgMEw,16,26,rain,,,
BWoLJ9ZAWHQ,30,40,rain,rain,,
5gkj61MMB0M,30,40,rain,,,
1BJXDPPDc1M,0,10,stream,,,
-vYNPoTQXnY,30,40,speech,stream,,
4d0fMCQzabs,30,40,speech,stream,,
fGmZ64Wn2bQ,430,440,stream,,,
oV6I76MC4ZM,140,150,speech,stream,,
2p_8PWxG9dw,30,40,stream,,,
Fdhpn7_jzDk,190,200,stream,,,
kP8Wbn8YoZM,30,40,waterfall,,,
-HBvxxKEWrI,30,40,speech,stream,,
-BUWGM7qeUM,10,20,rain,,,
1ttSwzJP5y0,4,14,stream,,,
ZVdJbjhrwzA,10,20,rain,orage,orage,
6lHfOvyTEu0,30,40,speech,stream,,
vmP6peozTe0,70,80,rain,orage,,
U2Wr-eeGLVs,220,230,waterfall,,,
XamQAY_WXRY,140,150,stream,,,
9ZNZsIfl8ec,30,40,rain,,,
8-Q8jt_-mvA,30,40,rain,rain,,
AIWZHeevP5A,320,330,rain,,,
cxVsUQ6O2Sg,130,140,stream,,,
BlGB75_IQp8,24,34,rain,rain,orage,orage
2xYHxs_mKe8,450,460,rain,rain,,
xGzpK8xOJj8,280,290,,,rain,orage
MJdDponNTNU,30,40,stream,,,
dEG9Y1-HXQU,210,220,rain,,,
X5lzl_iXY_c,320,330,,waterfall,stream,
2xDa0Ctv0Ec,30,40,speech,stream,,
O8HyTvbaA0A,30,40,speech,stream,,
vcF71Z55SSI,70,80,waterfall,stream,,
2VDyWTKKKTs,60,70,rain,rain,,
Tc3Urf-moyk,80,90,,rain,vehicule,car
M2ZQ0ZSMciw,30,40,rain,,,
coHReK2cBL0,320,330,rain,rain,rain,
dnq1K_GrM34,200,210,rain,orage,rain,
ekqc2GJmgro,0,10,rain,,,
ZqqJQnKhvJA,30,40,rain,rain,,
uQpyOsW2xrI,100,110,waterfall,stream,,
xwBUvbi2DR4,20,30,speech,waterfall,,
2WMjBJz7iyQ,30,40,stream,,,
HNcZJVa1KrA,430,440,rain,rain,rain,
EQxLc4oDpgA,150,160,waterfall,stream,,
j5mhNd2YFYc,140,150,waterfall,stream,,
4i21pPtahz0,30,40,speech,stream,,
kwpmDAAv5qQ,140,150,speech,waterfall,,
qZ1R9edTY_M,130,140,speech,stream,,
LTXNc-_DoeE,30,40,rain,,,
cmmCodcMgkQ,20,30,rain,rain,,
7-TrCBG0qRY,30,40,rain,rain,,
LZMHi1ZyVo4,30,40,rain,rain,orage,rain
npbwcincPa4,0,10,rain,orage,orage,
Vjkh-rtOKvU,100,110,rain,vehicule,,
DBdn8qywpQg,110,120,rain,,,
5HqR92CL7fU,7,17,speech,stream,,
ARrkWYRpOh8,30,40,,vehicule,speech,stream
4ELXnFHXHiQ,22,32,,speech,stream,
ajDBYcZXQy8,90,100,rain,rain,rain,
6bOodb5R2Sc,0,10,stream,,,
rxcpuPn5woA,0,10,speech,waterfall,,
3hkns-adtTs,20,30,stream,,,
z4MzUb7gBC8,10,20,speech,waterfall,,
-cb0NHSQ5B4,30,40,,speech,stream,
iQfUYZPeBRk,60,70,rain,rain,,
3uK_uMQKtj8,30,40,speech,stream,,
1WGMba5OXV0,30,40,,speech,stream,
jMWbZUVmkdU,80,90,stream,,,
ia9dRwK2u8A,50,60,splash,speech,stream,
40b8ORdNBdc,70,80,stream,,,
1mO14cQ5kpk,30,40,rain,rain,,
fqvPcxS5fuE,30,40,speech,waterfall,,
3q_3rgMrAB8,16,26,,waterfall,,
2zh0D6iidrw,30,40,waterfall,,,
aoJ9P5IatjU,150,160,rain,orage,orage,
1wPmJWbq_ZI,30,40,waterfall,stream,,
bnJbnN9C-NI,120,130,rain,rain,orage,orage
aw71fn-qmTs,70,80,stream,,,
_lUslkQ8D5Y,10,20,splash,speech,stream,
8HjsSFbuki4,360,370,rain,vehicule,car,
AeKvc10TUD4,30,40,stream,,,
cWoBZQMUc0w,30,40,rain,rain,,
OX_iveU39CE,100,110,speech,stream,,
wQBSIFfXmGo,20,30,stream,,,
3WmOZE00U7g,30,40,speech,stream,,
64QiYWZiE0o,0,10,rain,orage,orage,rain
w2uNCnrhTbY,160,170,speech,stream,,
jYXd_BtFhmw,260,270,,rain,speech,
70xeRO1BILw,50,60,stream,,,
gobXZ7O40ok,170,180,waterfall,,,
SPD7dfBWolc,110,120,stream,,,
D34F7gT6wyk,0,10,rain,rain,rain,
AmrEdMAkrDo,20,30,,ecoulement,speech,stream
hg__ORMvZhs,240,250,stream,,,
0GVecvj0-VQ,30,40,,waterfall,,
qQI8w-RIXJo,20,30,,stream,,
22Hq-UYEQt4,30,40,waterfall,,,
_jWOq3bZvYg,30,40,rain,rain,,
icc7p_zaPdA,10,20,,waterfall,,
f2wy35V86Bw,20,30,waterfall,,,
5TVei6Z5meE,50,60,splash,speech,stream,
eV3xxM-Kfxc,130,140,rain,orage,orage,
08ifQSdjwpE,30,40,speech,stream,,
4wAWu4g0wRQ,6,16,speech,stream,,
-tf1RwRbKDA,17,27,stream,,,
iI7ZJZutUCw,10,20,ecoulement,stream,,
KjRE7MS5rzo,100,110,stream,,,
3Gc8iEAZgwk,0,10,ecoulement,ecoulement,stream,
-owkB4ulvTU,22,32,speech,waterfall,,
kDjhokx5wmM,10,20,rain,rain,orage,orage
atnRGU2lopI,30,40,rain,rain,,
o13U6bOyiHY,0,10,rain,orage,orage,rain
UEGjxLZPFNc,10,20,speech,stream,,
DN-hso_voeI,30,40,rain,rain,,
dY4y6SantZ4,0,10,ecoulement,waterfall,,
-6vbayl8fE0,30,40,speech,stream,,
fHZCEsKpdUk,90,100,waterfall,,,
v9oZvockKV0,40,50,rain,orage,orage,
bo5WKJbuhmQ,16,26,rain,rain,,
3mXQxwzGCf4,0,10,stream,,,
Nj0CjeRkWDo,160,170,rain,orage,,
D6Zjieerjgc,240,250,speech,stream,,
T3f3Y-eO7Bo,30,40,rain,orage,orage,
i0PSm7WfQnQ,0,10,rain,,,
51cdqXLoFV0,30,40,waterfall,,,
-XVOFBNSAms,10,20,,rain,vehicule,
eTaaBEx8Uz0,10,20,rain,rain,rain,
guV7LQwVgKg,10,20,rain,orage,orage,
PlyMDOWl4a4,30,40,rain,,,
4aDtICkkrqg,290,300,rain,rain,orage,orage
s-Cm7CH3I1k,80,90,stream,,,
_Z4x1ZgYUEI,30,40,rain,rain,,
RkcXbiGZf6w,490,500,rain,orage,orage,
pcD_VcxkOvI,510,520,stream,,,
GhczhkuOEiU,70,80,rain,vehicule,car,
tCqEARMI-_k,250,260,rain,rain,,
BMrDddLb5Kg,0,10,rain,orage,orage,rain
--RBwc_VFYA,30,40,rain,rain,,
K66Hw_iDHz8,10,20,rain,rain,rain,
7YKryXRTrV4,0,10,rain,vehicule,car,
frkM14bMz5I,40,50,waterfall,,,
-TLmyNSE3NA,30,40,speech,stream,,
t8Mw8X6BxXA,20,30,waterfall,,,
CJ_fiUcgZFI,150,160,rain,speech,,
-u885X_j1KQ,30,40,,stream,,
4j0Xw4dD7ns,30,40,speech,stream,,
t18MIg8ukdg,110,120,stream,,,
z0jIEaLkbp0,50,60,stream,,,
RYdSmP6pUMM,0,10,ecoulement,stream,,
zOhWBlir2iA,140,150,rain,rain,,
6TrHR_Unihc,30,40,rain,rain,rain,
GHJvsVYqkIU,0,10,speech,waterfall,,
UH8OQF7cCMw,110,120,rain,rain,orage,orage
cMSjbJ4TY68,20,30,rain,rain,rain,
KtLL_mTnm2Y,130,140,rain,,,
jBWXILcP8fA,10,20,speech,waterfall,stream,
ZDhtIVrHCZ4,30,40,rain,orage,orage,rain
8GiCArNaqwo,30,40,rain,rain,,
r3FrVv1qr28,30,40,rain,orage,orage,
Yk274Wr5iIE,60,70,rain,,,
WxehtrvdtXo,30,40,rain,vehicule,speech,
y1v41zz2f5k,30,40,,stream,,
1dEcQWe0lTw,30,40,speech,stream,,
dKTjzQoa_1U,20,30,rain,,,
0EhV4zJk9V8,150,160,waterfall,stream,,
YieSeZKERus,50,60,rain,speech,,
AklFn4DXuwQ,30,40,rain,rain,,
t5Z2vRn47xQ,390,400,rain,rain,,
yALxVuX7DlA,430,440,stream,,,
_HL2ergI5-Q,30,40,ecoulement,speech,stream,
c1ViZAYvm2Y,60,70,speech,waterfall,,
FVjLGO2obHs,120,130,rain,rain,rain,
8K6HEgle8xw,30,40,rain,rain,rain,
4SjDMwc9Jic,30,40,speech,waterfall,stream,
hkhkeamD7jA,260,270,rain,rain,,
9dAgaXnseC4,80,90,rain,,,
Xlgx6LOP5PU,10,20,stream,,,
dBiY-l9-jaA,80,90,rain,rain,orage,orage
f7IB4-RgSdI,450,460,waterfall,stream,,
DFq-XBL9hng,0,10,rain,vehicule,,
tcdBRncUHb4,30,40,rain,rain,,
aJ4pqLAcjEc,570,580,rain,vehicule,,
cu8Dx0ggQlA,0,10,stream,,,
U5A9VhWqccg,570,580,,rain,vehicule,speech
29yk9TB3ChM,30,40,,speech,stream,
YTuu1ZR8JWc,150,160,speech,stream,,
eLb3MB-zB00,50,60,rain,vehicule,,
dn-HmZeRRts,0,10,rain,orage,orage,
4vqMJOpLQtQ,150,160,waterfall,,,
--0PQM4-hqg,30,40,,waterfall,stream,
Ol9WD6yVkVk,140,150,waterfall,,,
NpKmwH9O4ZY,30,40,ecoulement,stream,,
TDxjU4XIZy4,160,170,rain,,,
kQm95IMPoIE,20,30,speech,stream,,
4CLwC4rHmk4,30,40,rain,rain,,
EezGnSpoxQw,30,40,rain,orage,orage,rain
EvnIpJnrL0c,2,12,speech,waterfall,,
4b6-LN_x4xk,12,22,stream,,,
KFTBLnfOWOE,10,20,,vehicule,speech,stream
2_zPUblkg0g,30,40,speech,waterfall,,
E6LL9AGftwg,70,80,ecoulement,waterfall,,
H7Z2sK-PWgY,70,80,waterfall,stream,,
CsDG-DqsXfA,30,40,rain,rain,rain,
mCNpAwGRUWQ,50,60,waterfall,,,
7Bf4HomeqFU,330,340,rain,rain,rain,
Zs1U9NntcfI,180,190,stream,,,
1uyBnGxh_14,70,80,stream,,,
23AkfntUnV8,30,40,waterfall,stream,,
FxQPQrclApE,80,90,rain,rain,orage,orage
GXG5pu03jxQ,30,40,rain,,,
Aq8xcaUVRrU,30,40,rain,,,
UASzADvZnUA,30,40,rain,rain,,
arHnwKfh9rs,520,530,rain,orage,orage,
nsphYWrvcLM,30,40,rain,,,
QISybl0-Dtc,590,600,rain,orage,orage,rain
pwDB8A38XH4,30,40,rain,orage,orage,rain
D_pBhsan5Ec,30,40,rain,rain,,
Q6uVtA6Hx_U,90,100,rain,,,
2NNUnZ7ZJ3A,30,40,rain,rain,rain,
2BjB6zejUyE,17,27,stream,,,
0cWuAA1LrWQ,360,370,rain,orage,orage,rain
rDljtm-y3vU,90,100,speech,waterfall,,
79XpYJTGc6M,30,40,rain,rain,rain,
ylDfrKNanO0,160,170,rain,orage,orage,
zwxIbXQscOk,30,40,rain,,,
NkpQrVfFmeM,240,250,rain,rain,orage,orage
uhvXGYpE4Ac,10,20,,waterfall,,
vlUjI6j_PEI,70,80,,rain,,
CaK7KfNr5UY,50,60,speech,stream,,
jy9jbtdlX_0,40,50,stream,,,
UlNBjCHQWNg,0,10,rain,orage,orage,
B9kM3Kq0Ew4,30,40,rain,rain,,
OVwAzOyvG0U,30,40,rain,rain,,
fphzTkFQyAY,300,310,stream,,,
sXjXWkQ4yBw,90,100,speech,waterfall,,
24jNXNlFl1c,30,40,,stream,,
12XUgQzMijI,30,40,speech,stream,,
42TeG6OL6B0,30,40,rain,rain,,
L0NVVq2hZYo,10,20,rain,rain,,
fFxu41gaHuA,200,210,speech,stream,,
NrTSjUBBclw,60,70,ecoulement,stream,,
jGuSg_sgi6k,10,20,speech,stream,,
_nrA8GsFxXI,190,200,waterfall,,,
IRKxsLA-ZCw,30,40,waterfall,stream,,
jlQARxKPKvA,70,80,rain,rain,rain,
0rcONR4M4h8,0,10,rain,speech,,
-a-Ix20Slq0,30,40,,speech,stream,
44EP9_jiZS0,50,60,rain,,,
jGFKkWjbtMM,520,530,,speech,stream,
o_jVQzOcz3M,320,330,splash,speech,stream,
F4sBQH0AADg,70,80,stream,,,
2KwRt1tryfg,6,16,speech,stream,,
NUaZkudzz-A,130,140,speech,stream,,
D7szWUIEgmc,30,40,rain,orage,orage,rain
u8_Ku_Zf5m4,40,50,waterfall,stream,,
PKQLPy8oO88,20,30,rain,,,
HaTeuIGtubk,30,40,rain,rain,,
Pd-P1thalYI,30,40,rain,rain,rain,
1NkGD6tPa58,11,21,rain,rain,,
h-Ct0se7irA,40,50,rain,,,
Rf_3pFokIFQ,40,50,,stream,,
MVY1VpYYw4E,100,110,stream,,,
et43L9m710Q,20,30,waterfall,,,
Xex6KLTkhP0,100,110,speech,stream,,
RSICQozujJk,30,40,,rain,speech,
LzAs66MqTcU,10,20,stream,,,
Ejs61Tll5-8,13,23,vehicule,speech,stream,car
31-14gSFozk,7,17,speech,stream,,
anx8g2vLQWk,60,70,waterfall,stream,,
3TA-wVL4Bb0,21,31,speech,waterfall,,
J2eK41LLnTk,60,70,rain,rain,orage,orage
23AkfntUnV8,30,40,waterfall,stream,,
2cT-1_I7xa4,30,40,rain,rain,,
133bV-Lgi0s,30,40,speech,stream,,
aHjv2vTiypI,20,30,speech,stream,,
qo7mz4YXRaM,90,100,splash,ecoulement,speech,stream
25S06DDQL_E,30,40,rain,,,
1Ibg_5dP88U,8,18,speech,stream,,
FyyFVKeb5g8,460,470,speech,stream,,
Cr7SUkUu1qg,130,140,rain,rain,,
C51Gnhe350Q,30,40,rain,rain,,
1htcAZ2K8_E,30,40,speech,stream,,
-g70IluHZ18,30,40,,speech,stream,
-EjIWnnYgpc,30,40,rain,vehicule,,
QX8c5TlbeZU,480,490,ecoulement,speech,stream,
JaX8gGsHCEo,0,10,rain,orage,,
ZphZKZQeVSw,300,310,speech,stream,,
baevkLHW_q0,20,30,,speech,stream,
IUnRWSnQf8Y,16,26,,vehicule,stream,
021esXFhLPg,410,420,waterfall,,,
2lNL6t41Luk,30,40,,stream,,
5OHNmY2wPos,30,40,stream,,,
QSqU3kBCjxw,90,100,rain,,,
YgMhVOkY4z8,20,30,waterfall,,,
lZSF61yGG3k,30,40,stream,,,
Q82l36QZOSc,10,20,rain,speech,,
8zldVGDZgCw,300,310,rain,orage,rain,
h7Nd3OrMDYs,310,320,rain,rain,rain,
CtKFI1hyv1U,30,40,rain,rain,,
hkCaIHqmxHI,17,27,ecoulement,waterfall,,
PCuZusZ1Hxo,30,40,rain,rain,,
SGaIvgwwWSE,30,40,rain,orage,orage,
AIMTJPGteOE,11,21,waterfall,,,
S6qB8CW2JZg,0,10,rain,rain,,
-heMVKK8LHs,30,40,speech,stream,,
I-YyPU3se1g,0,10,rain,rain,orage,orage
sDUp1bJnPb8,90,100,rain,rain,orage,rain
9YbJSbjQ74k,30,40,waterfall,,,
zPOyUEmEtjQ,10,20,rain,rain,,
JL6vEnJ0U4o,40,50,speech,stream,,
sOMPREEcxCU,0,10,waterfall,,,
R9wNnNuVnGA,30,40,rain,rain,,
E3fcWBWRKiA,60,70,rain,rain,,
K3fWjJSFbpc,210,220,rain,rain,,
Frw91-jUwu4,30,40,rain,orage,orage,rain
tHYTFk2bSwQ,440,450,,waterfall,stream,
eVYcic374GY,0,10,rain,speech,,
-xXcq9bdFl0,30,40,speech,stream,,
3O6-iHBcf8Y,30,40,speech,stream,,
enmZuRUHKfM,0,10,ecoulement,stream,,
5AhAYmPPDhg,30,40,speech,stream,,
-_3sfd0EONw,260,270,rain,speech,,
xcYVe9ix3pA,30,40,rain,rain,rain,
-rnJiLdXiWw,70,80,rain,,,
HcwpFo1oreU,210,220,rain,rain,orage,orage
uKWvk9CwHlQ,80,90,rain,,,
SHOS0ilSOQo,220,230,stream,,,
4wMcgyvf08M,30,40,speech,stream,,
bUjAL0U_QOs,220,230,stream,,,
pxObKRMVpU8,0,5,rain,rain,,
K5rJSkp8oQA,28,38,rain,rain,rain,
Rz87r2bqLro,30,40,rain,rain,,
6SvsSYLkDI8,390,400,stream,,,
LtqFcwGPilE,30,40,speech,stream,,
BUnj0cbHm4s,20,30,rain,orage,orage,
CxsellBilz8,30,40,rain,rain,rain,
JvDhNMDsERM,10,20,rain,rain,rain,
OjqSiMMbGkw,10,20,rain,orage,orage,
cUuqzEcLGAA,290,300,rain,rain,,
LJ1rAHx2RBU,0,10,rain,orage,orage,
07Ov25ttb8Y,27,37,speech,stream,,
8K6acvCdQqU,150,160,stream,,,
1EkS_SNmvm0,50,60,rain,,,
k4ggjvnuzbI,150,160,rain,rain,,
oIXPDWPS2qc,570,580,,rain,vehicule,car
DVij-xNuDuY,270,280,rain,rain,orage,
yqNpfc_AsfY,500,510,waterfall,stream,,
JPeZmP0-Idw,140,150,rain,orage,orage,
w_YVejJcGUY,70,80,boat,,vehicule,stream
RWWdDERKhT4,360,370,rain,rain,rain,
DAxjaVWyY9k,30,40,waterfall,,,
kS87p59ekTQ,50,60,,stream,animal,
hX4lepl1lxI,0,10,rain,orage,orage,
6ynj4RFeN5s,40,50,splash,speech,stream,
-xFJRL01V6s,30,40,speech,stream,,
4YGtMklZ5uY,20,30,speech,waterfall,,
1CBZ83fKGuY,0,10,,waterfall,,
Aa5sP7wsmAA,30,40,rain,speech,orage,
1cHCXvYLzCc,24,34,waterfall,,,
nPZj7MvaWow,30,40,rain,orage,orage,
53d29YBnY9w,30,40,stream,,,
P1QiStEeMJg,80,90,rain,orage,orage,rain
5sjd9zwDDFg,17,27,rain,rain,,
92a_MjlfMl8,30,40,rain,rain,,
MUpTIY4puZc,10,20,stream,,,
1F_4s3S_aLI,1,11,speech,stream,,
Cv6mX-eGG3o,30,40,rain,ecoulement,rain,
0_2lk2Z8MMU,18,28,waterfall,stream,,
-_aTb7ursOA,0,10,waterfall,,,
-6HGsGSiC64,0,8,rain,,,
23cUM6iQsoc,13,23,speech,waterfall,,
F-c4OZUvZGo,30,40,rain,rain,rain,
Bdb6Do_z320,30,40,rain,rain,,
eWJBJMGvqF8,20,30,waterfall,,,
dSIm1KYZ0_I,20,30,rain,rain,,
PxVzYWjFjyE,30,40,rain,rain,,
5uw4ZC-Dm2w,18,28,speech,waterfall,,
VcGCEShZUSQ,30,40,stream,,,
4o03Uqv6VFI,110,120,rain,rain,,
OISV7jCsiQM,520,530,,rain,vehicule,car
RycOalzhfAA,60,70,speech,stream,,
c1OEzBo0CNM,70,80,rain,rain,,
yioLel5hzgc,10,20,,stream,,
4oor_OxZw_Q,23,33,waterfall,,,
Kwc5cU4jDs8,220,230,rain,,,
CcfbD280sc8,40,50,speech,stream,,
aYGP1-2_0qg,0,10,rain,rain,orage,orage
_JcpCOUnRRY,20,30,rain,speech,,
BKQnnxjtAJQ,30,40,rain,speech,rain,
-gbmS5YIjS8,30,40,,waterfall,,
n44Ao30Lm50,30,40,rain,rain,,
xltd_8OIOMk,10,20,waterfall,,,
FjS7qZE-PqY,420,430,stream,,,
XBz6BkOhjU4,190,200,waterfall,,,
TxmcI9FVa-A,280,290,rain,rain,,
XFXFn8tIpmg,230,240,rain,speech,,
W-3GOnakdy8,30,40,speech,stream,,
71I9l62agtM,460,470,rain,orage,orage,
Tsbvkb-kbi4,0,10,rain,orage,orage,
wGSQAxGoil8,40,50,waterfall,,,
1kGw92GGcQ0,30,40,rain,rain,,
3mMOUNKFqW8,210,220,rain,orage,,
anNRSc_0-bg,70,80,stream,,,
ZHEqpGsg41g,220,230,rain,rain,orage,orage
6-isweAUIOg,30,40,rain,rain,,
EYHeZElhyGA,90,100,rain,,,
2O9ISXuR-zA,2,12,speech,stream,,
ZcbY7cxeDek,30,40,rain,rain,,
XGCNR0T5snE,30,40,waterfall,,,
N6CodoP3fYw,150,160,rain,orage,orage,
gV7nagK08VA,80,90,waterfall,stream,,
ZrZBtIwQ5aY,220,230,waterfall,stream,,
V2oFeDx_7Pw,30,40,rain,,,
lzfJw5s2Mfg,310,320,stream,,,
SFNRNbTTbRw,4,14,speech,waterfall,,
mP0Qehml3kM,20,30,waterfall,,,
1_z6NcidGzM,30,40,,speech,stream,
HCntSYltlmA,80,90,rain,,,
2dQmleM3HxE,30,40,speech,waterfall,,
O_NiD12JcWo,50,60,ecoulement,stream,animal,
fDSRbrz1hXA,320,330,rain,orage,orage,rain
JB64F6w99Ao,20,30,speech,waterfall,,
Z5hmgNSMWcE,170,180,stream,,,
q0khIMFTIY8,490,500,rain,rain,,
VZ77srRruw4,510,520,rain,rain,orage,orage
4X-ww8A3BUc,6,16,,speech,stream,
DGaz2QbT3Hg,450,460,rain,,,
CYDTG8M0gdA,6,16,rain,rain,,
2DfGh4HN_44,30,40,waterfall,,,
R7V6jEYVjEo,210,220,rain,,,
6fkB4G3GyKI,30,40,stream,,,
yd_mLGneIV0,40,50,stream,,,
b5Ax1ZqkrMg,320,330,,speech,stream,
4qD34VPB2Dg,3,13,,stream,,
BVKcGtDlnuw,0,10,rain,orage,orage,rain
6cf7NTCuGuk,380,390,,rain,vehicule,speech
0kuIP7fLNpM,90,100,rain,rain,orage,orage
C-5zsmC8Phw,220,230,stream,,,
80BzBdgGF5U,60,70,rain,rain,,
4RutoyCbhzY,210,220,waterfall,,,
FhYC9sKhkO8,170,180,rain,vehicule,car,
AU6Ywi3GsBs,8,18,speech,waterfall,,
vgdbX3IsEYY,10,20,rain,rain,rain,
0PWBji_5Sto,19,29,stream,,,
PKQ97hwM6r0,0,10,speech,waterfall,,
ZhK-yAFX7YY,570,580,waterfall,,,
y7A3765Wzwc,440,450,speech,stream,,
u45xD7u5wwI,16,26,rain,rain,rain,
TnVUeaz0UfY,60,70,stream,,,
-82O6FyjRgk,30,40,speech,waterfall,stream,
3CPtQbjDEfM,30,40,,speech,stream,
OUi6wwvU5TE,130,140,speech,waterfall,,
jsq4Xz5lKv8,140,150,rain,rain,rain,
cM93xfzcbro,30,40,rain,orage,orage,rain
-UW84X_I0eg,30,40,speech,stream,,
WbJKEyo0Sno,80,90,,rain,,orage
BAHhZsDT320,30,40,rain,rain,,
pGOW-TqT1RQ,30,40,rain,rain,,
CDZLjWd8a2M,0,10,rain,orage,orage,
063cLscKFVI,30,40,,stream,,
K8gmjgELpik,220,230,speech,waterfall,,
17MLd5EsDWE,30,40,rain,rain,,
M0OonKVTvNc,30,40,rain,,,
2zGrM5fLSrM,30,40,waterfall,stream,,
EnCx27bUerY,30,40,rain,,,
AKzrqZuzQck,30,40,rain,speech,,
A20DO_UnQaE,20,30,waterfall,,,
PokeLA3Uvgs,10,20,speech,waterfall,,
-dIaXDSgrRk,21,31,waterfall,,,
yFMUafoA9fA,190,200,rain,orage,orage,rain
5NBlcK-agjo,0,10,rain,,,
g14q_CsmVtA,0,10,rain,orage,orage,rain
qFNhpWU6Lmc,20,30,rain,orage,orage,
osktQayNQmI,90,100,stream,,,
HcOO67Gw0A0,390,400,waterfall,stream,,
EATTTKX3BDI,200,210,rain,,,
3FrGz8XzCI8,21,31,rain,,,
1RfKz2T_-uM,18,28,stream,,,
De7U7W--aZQ,130,140,rain,,,
GWqcTECvBcU,30,40,,stream,,
H-2MBLv7fes,0,10,rain,orage,orage,rain
0OunnKkiYgQ,30,40,,stream,,
RNy18nB-lT4,40,50,rain,stream,,
14gkYaVctY4,100,110,speech,,stream,animal
OYHJKP9Dvak,30,40,rain,orage,orage,
EqTyidTaGes,150,160,stream,,,
1WYMOua6Bj4,80,90,rain,orage,orage,rain
HdfWsgtjXMs,330,340,stream,,,
oRXbk8GDxNg,20,30,waterfall,,,
7i0ufEdY8X4,370,380,waterfall,,,
4C_OfUFtyP0,16,26,stream,,,
3NsxbJTkxmA,30,40,speech,stream,,
Yl2qqMU2YUg,180,190,stream,,,
lmgiRTkrmg0,100,110,stream,,,
nsME1umeppU,0,10,stream,,,
wPT7pZIKGJ0,0,10,ecoulement,ecoulement,stream,
55L1wH5Q1qo,80,90,waterfall,stream,,
RVeYjNDTpJ4,170,180,boat,,vehicule,stream
qRyswmKcN_Q,7,17,rain,rain,orage,orage
phw-8Hy-aTI,0,10,,vehicule,stream,
6NxfC-81aao,100,110,stream,,,
fECOqptfjlI,0,10,stream,,,
LuBeAngiqG4,290,300,rain,rain,,
xONvzlPN2sM,30,40,rain,,,
2GKdzX9pdQg,30,40,speech,stream,,
v9RZR3hK8FQ,50,60,rain,speech,rain,
01YrEAtp6BI,30,40,,speech,,stream
0Yw8cCewUYc,30,40,speech,stream,,
4jS_EClFRiI,18,28,speech,stream,,
K1BGwjX0gnc,30,40,stream,,,
BBekupvkuxQ,0,8,rain,orage,orage,rain
C7yZovKH0Jg,80,90,wave,,ocean,rain
qrRDdU4pEbM,360,370,speech,waterfall,,
05U6Et64AS8,20,30,,speech,stream,
IeRF4p4axv4,260,270,rain,orage,orage,rain
3n5QcpNkCbk,30,40,rain,rain,,
n1r9tpVhci0,220,230,rain,,,
NvoZ_YTf09E,30,40,,,stream,animal
N5Fm_5JgOHA,30,40,rain,,,
-QNvgodhSQs,30,40,waterfall,,,
z2SDl3lzBNw,560,570,rain,orage,orage,rain
-fHt7tPm-aY,470,480,stream,,,
rojzpgrAoso,50,60,speech,stream,,
Am2bz4Z4fok,30,40,speech,waterfall,,
HI6Z5GFjUoA,30,40,,stream,,
Q004EpzkuVM,200,210,rain,,,
r3fMFbyBARk,470,480,speech,stream,,
G3DdnBL0waA,100,110,rain,rain,orage,rain
mJIswsRpRbQ,30,40,rain,rain,rain,
MxcQARYSiKg,50,60,stream,,,
Nz1CfLB9P7M,30,40,rain,rain,,
6Q5wl8EzONo,200,210,rain,,,
dH7o12moYPc,40,50,stream,,,
-RGMK0fq1-Q,20,30,rain,rain,,
11QSajk8fwQ,30,40,speech,stream,,
ec3ezr35Axs,30,40,speech,waterfall,,
JPhL1n8fEK4,30,40,rain,rain,rain,
rNfYmmWlqQE,30,40,waterfall,stream,,
42Glk3NHN-M,30,40,waterfall,,,
jjG6x7dP7IY,30,40,,ecoulement,,stream
tQDzJONFDFk,30,40,rain,,,
AZ5UXCfZXNM,70,80,rain,orage,orage,
OZVoeHMBdfQ,240,250,waterfall,,,
5_aRF2s3e30,25,35,rain,rain,rain,
r06LGGBpaFE,0,10,rain,vehicule,speech,
Epm485J3b58,30,40,rain,rain,,
5vYKwUn9JMY,90,100,stream,,,
4inDkxc7whw,25,35,,speech,stream,
G52wVwwmibw,110,120,waterfall,stream,,
6D3q9EBbuz8,30,40,speech,stream,,
9uP56WtChkk,30,40,rain,rain,rain,
pkIXr4SlQXI,20,30,stream,,,
Fjb8sr68rTQ,30,40,rain,,,
a5VtvoeMmWY,240,250,stream,,,
3QIIpdSec8A,30,40,speech,stream,,
_1bgWWAQQXk,25,35,rain,,,
2s-Dykkv15E,40,50,rain,vehicule,speech,car
fcHHyW23KJs,23,33,rain,rain,,
4g14s8V-mSs,30,40,speech,stream,,
BEXHk1CzpFQ,30,40,,speech,stream,
35aKlEZi8XY,30,40,,speech,,stream
H93abasaLh0,210,220,wave,stream,,
_TPsDzyNwME,20,30,rain,orage,,
pa4AV7YkKmU,30,40,rain,rain,,
D_y_WMi86Dw,190,200,waterfall,,,
BdYDStlog50,140,150,stream,,,
2LZaLIlj3C0,30,40,stream,,,
392eT0Qih18,30,40,speech,stream,,
wR4ce3YpaWs,100,110,ecoulement,stream,,
4TAtecek5NA,30,40,speech,stream,,
OhcJ2-c-HLY,0,10,ocean,stream,,
8OmExa4ItS8,30,40,rain,rain,rain,
FJi56wIE93Q,30,40,rain,rain,rain,
sSLtn9dAEdM,30,40,waterfall,orage,,
KhFtSlJCb18,10,20,rain,rain,,
NaGGJpkKpAU,10,20,,waterfall,,
F0vicyA7mwE,10,20,splash,ecoulement,speech,stream
0Sh1KP4p5AM,30,40,,stream,,
17BER0aXKtk,30,40,,,speech,stream
Y3vK7x33AUg,160,170,rain,,,
0INOOpJtyv4,80,90,stream,,,
0qrGmDNCmpo,17,27,,stream,,
zxXGYnQKMfc,10,20,boat,vehicule,stream,
XRgQlQGl_b0,190,200,stream,animal,,
wAjAa7xCA1M,590,600,stream,,,
EDL3jstkJy4,30,40,rain,rain,,
H-RLpFafvVI,30,40,rain,rain,,
01H8GSVJe8E,22,32,waterfall,,,
Wny6bO_5ffs,70,80,stream,,,
4VioqXQWtYQ,30,40,speech,waterfall,,
NnDaIk0xIMU,10,20,wave,,ocean,rain
XIY6CQmeMBo,330,340,rain,orage,,
PER8x3Xp8Tw,160,170,stream,,,
u8KAgETjNQE,110,120,rain,,,
rKj9b75GyS4,110,120,rain,orage,orage,rain
3Q6Vj0QJBjQ,30,40,,waterfall,,
RygN9WkoErY,50,60,rain,speech,,
Y8-sn5-ZmtM,30,40,rain,orage,orage,
0tkcJH8EqJI,19,29,stream,,,
47xrXKssMto,25,35,,speech,stream,
kQRqmqySQCw,60,70,rain,rain,,
WNwMABZvadI,50,60,stream,,,
NLvY38hgNsM,2,12,stream,,,
Mf6hYCrvAnU,130,140,rain,speech,,
EXTYWPKjIo0,110,120,speech,,stream,animal
pVeHzErquQc,160,170,rain,orage,orage,rain
SRxsnxkzNjo,30,40,rain,,,
4VqQEsPZWJM,13,23,speech,stream,,
rv5aH5mc288,20,30,rain,rain,,
227jXy38qj0,16,26,,speech,,stream
2eUV277Wuhc,25,35,speech,waterfall,,
2tRdXvDaiq4,30,40,,speech,stream,
V0pvs9csIlw,60,70,stream,,,
RRuEFnWwkeA,80,90,stream,,,
mY3t3pj7Ud4,30,40,rain,rain,rain,
BuSEC2Mvqh4,20,30,rain,speech,,
ksZgNgZ0Jlc,40,50,speech,stream,,
V2aSEfW3Tx0,0,10,rain,orage,orage,
-kJmdm0T4P8,22,32,speech,stream,,
6AgX7FtBW7M,220,230,speech,waterfall,,
08i9TzXcBBE,140,150,stream,,,
Zrg612a5YZg,220,230,rain,,,
G6n5MlRVsxg,0,10,rain,,,
aBfwWkfpv-A,440,450,rain,,,
Z_InKFMIslA,23,33,,stream,,
W8TJYARQswg,0,10,speech,stream,,
X5wuhY4x8ko,90,100,stream,,,
Lt1PtgdpeM4,30,40,speech,waterfall,,
BMO9RR8HiLk,110,120,,rain,,
NZTWyxG-rkQ,30,40,rain,,,
-hk1l3vkRWk,30,40,waterfall,,,
t9GdjBv-yOo,30,40,rain,orage,orage,rain
JyrRE_x7bXw,390,400,rain,,,
efbaRPnlo4Y,10,20,rain,rain,,
mxvsBEpE4nk,30,40,rain,orage,,
65UfUlkBE8o,30,40,rain,orage,rain,
U09_Ao_va_A,110,120,stream,,,
1evjDOmIkEU,30,40,rain,rain,,
XtjE796QDVs,30,40,rain,rain,rain,
VHTDGSEwwjU,0,10,rain,orage,orage,
1KSmkZxRopc,30,40,stream,,,
CmR1sNYsGZ0,22,32,rain,rain,,
RdC8cviN6Bs,30,40,rain,rain,,
HbcN8vzJgOY,30,40,rain,,,
-dVzy4Go9Do,30,40,rain,rain,,
NA9aNhcbHXc,240,250,stream,,,
-JkNMKUNJS0,3,13,,speech,,stream
e174jhwbmCU,15,25,,speech,,stream
41NHiifyW-M,0,8,rain,rain,,
1ajWQba9fiQ,30,40,rain,rain,,
E3AX4v3Xr1s,240,250,rain,speech,,
OIhYsg7PQc4,30,40,rain,,,
2l4g_RLizJk,26,36,stream,,,
j_AT1WdRlt4,30,40,rain,rain,,
UW_WdjynPDA,30,40,rain,rain,,
AWdY6pPtrIY,30,40,speech,stream,,
3JsSF5h9gmc,30,40,stream,,,
JMNz_GukBUk,180,190,rain,rain,rain,
1Ybz3LPRRXs,20,30,rain,orage,orage,rain
LVkPkdtR8NQ,30,40,rain,rain,,
Kmvvn8iAZz8,140,150,rain,rain,orage,orage
08ibPbVUo68,230,240,stream,,,
EULsnHDr_fE,340,350,waterfall,,,
kJIqHWxs3wM,40,50,waterfall,,,
hSyytfJbkiI,260,270,ecoulement,stream,,
-n_ERLSXuVw,30,40,stream,,,
-yOzBmlXd2A,30,40,waterfall,stream,,
vBDf49i5jD0,130,140,speech,stream,,
AnMhOiyyBNA,100,110,splash,speech,stream,
02sFhelVuwc,30,40,speech,stream,,
-MrP9XqvVj4,30,40,,stream,,
yR5peKHe9qs,50,60,speech,waterfall,stream,
DH4X_twtdQM,160,170,waterfall,,,
XI224b0YBJY,16,26,waterfall,,,
OwhUcQ1dtjw,430,440,rain,,,
PeHtNRifohw,10,20,,rain,vehicule,ecoulement
tSnKi4mlGtg,100,110,rain,rain,rain,
4z1PUr96bqE,30,40,,stream,,
oSG25pw_fBU,110,120,speech,waterfall,stream,
A21eA2M6cuM,0,10,,rain,vehicule,
F3LCNJT1V4Y,30,40,rain,rain,rain,
yuqhiRZx2S0,30,40,speech,stream,,
JVOBGoFqi0A,150,160,wave,ocean,speech,stream
Mz8DAmmBnAY,30,40,rain,rain,,
CrO5TBhKZns,580,590,rain,orage,orage,rain
9Ec68bNVuDA,80,90,rain,rain,,
387smksUmR0,70,80,rain,rain,,
K-IRD5ZiUrg,70,80,speech,stream,,
V7H16ozmcio,60,70,stream,,,
0DdhUHJ3IXQ,25,35,speech,waterfall,,
3TmB4BfSxKk,20,30,rain,rain,orage,orage
EU-U1rDmLks,220,230,waterfall,stream,,
pjULWVWP32k,30,40,rain,speech,,
yLw62lrVT0A,210,220,stream,,,
MXvdTNEt7Fs,30,40,waterfall,stream,,
AiDXzwzZ61E,30,40,stream,,,
y_tAi0k5ypc,0,10,waterfall,,,
aTkjc1r_fN0,30,40,rain,,,
DsoupQpb4-0,30,40,waterfall,stream,,
koscAggCQ-8,30,40,ecoulement,speech,stream,
sypI97e7Q7U,28,38,,speech,stream,
08jTes_lxWU,0,10,rain,orage,orage,
bE77t9TqSI8,0,10,speech,waterfall,,
wqB2AqsCD_A,30,40,rain,rain,rain,
41ftpr01mKQ,260,270,stream,,,
232Ffo0HGsM,30,40,,stream,,
Du2k3XezMwE,240,250,ecoulement,stream,,
p1wv-ybL5bI,0,10,speech,waterfall,,
C1ZT5ZVS0Q4,20,30,rain,rain,,
_tqx0uCbmtw,12,22,rain,rain,,
nkLw8Ey_HEo,250,260,rain,,,
6601TQwtPm0,30,40,rain,rain,rain,
ejTDPgPiLEk,390,400,rain,rain,,
XNk0RJudXZA,270,280,waterfall,,,
27tHFrSnl64,30,40,,speech,stream,
0Wgw_OUSDJA,290,300,rain,speech,,
_HZu3hlDxlg,490,500,rain,,,
WpYl_2ssz2Q,550,560,rain,orage,orage,
lcHVUs-KNYQ,200,210,stream,,,
TtWLOvv37fQ,220,230,,stream,,
8z7_dlxNHTA,0,10,waterfall,stream,,
ZZNZd8ismb0,140,150,waterfall,stream,,
7GhDUEAcfP0,30,40,rain,rain,,
9-9yXJvo-_g,280,290,rain,,,
X-ns1K0_5-g,80,90,stream,,,
Tamj2ZA1RAQ,50,60,waterfall,,,
9KJql3X5DzA,160,170,,waterfall,,
4eyY1w2QyM0,6,16,stream,,,
DSA99qlDj6Q,370,380,rain,rain,,
2GSxEEaiH7Q,50,60,speech,waterfall,,
cvzVrUDqxK8,30,40,rain,orage,orage,
Y2okDYjEgM0,170,180,,rain,speech,animal
U4ax1QVGpgM,30,40,rain,,,
lQq19_hlwYY,180,190,,speech,stream,
aLavVixFQRA,300,310,rain,rain,rain,
gV7nagK08VA,80,90,waterfall,stream,,
gZs_WGq6QtA,410,420,stream,,,
BpEL_iMk_Dw,30,40,rain,,,
2AJsKC1IlYM,30,40,,stream,,
G7ZksAV4UmY,30,40,rain,rain,,
BSLijznpsOg,160,170,stream,,,
JqPm3HOQ5U4,30,40,rain,rain,,
r_CpyraXXQw,10,20,rain,,,
CTl9uaO-HwY,50,60,ecoulement,speech,stream,
8j5UmCnvpfk,30,40,rain,rain,rain,
xPqD2SqJUzg,110,120,rain,rain,,
AZj09IPuPCE,50,60,rain,speech,,
3vqWhQJYXSI,30,40,rain,,,
GdNIQCB-JYs,290,300,rain,rain,,
08Ot2KddQyU,3,13,waterfall,,,
9eJunkH-KCk,30,40,rain,rain,,
WGnbwz6T8lM,30,40,rain,rain,,
20jfQRf_RZA,21,31,stream,,,
755NKfTTkKo,30,40,rain,orage,,
kCi8DPaOOTE,20,30,waterfall,,,
QDlhHWRUuAs,17,27,waterfall,,,
ADCLBFBA1yo,60,70,rain,rain,,
-RaCH2huqdc,9,19,,waterfall,stream,
XlnI3ibeVv8,27,37,rain,rain,,
0TPZnGG8Mno,20,30,waterfall,stream,,
XL-6r_8Vb9M,40,50,stream,,,
cdeqBHENgdY,40,50,rain,rain,,
ZvFxjhgaUhE,30,40,waterfall,,,
04YZM1KBIlE,30,40,rain,,,
6gQBSm4yCqA,30,40,rain,,,
3pRg3-ZavcY,40,50,rain,,orage,orage
Dp4anCUiSQw,30,40,,rain,rain,rain
tUxC2nseQ8U,10,20,rain,speech,orage,
0YY4v6qdOs8,30,40,stream,,,
YUxHvpMVGxA,170,180,rain,rain,orage,rain
FKg0-s9sh-E,90,100,ecoulement,speech,stream,
531QEZERQp0,30,40,,speech,stream,
w8EMoISOpq8,20,30,boat,waterfall,stream,
RKq8KfaKeP4,30,40,rain,rain,,
cBq4NSIqcm0,30,40,speech,stream,,
za77qdsMraM,30,40,rain,,,
Qnf2s2Gxymw,20,30,,speech,stream,
EzHyCmKhrp0,30,40,speech,stream,,
zFdRXOYY6SE,30,40,rain,rain,rain,
3BHKFfJrBwg,130,140,stream,,,
SodNs6CLaIU,140,150,rain,,,
tJjsU5hjD1I,30,40,speech,stream,,
G-7wGGDzxik,30,40,speech,stream,,
LZCHqSxfxl4,0,10,speech,stream,,
QuKRN-FEv3A,10,20,ecoulement,speech,stream,
Utw9GAyQUd0,30,40,rain,,,
3-It8B7h8Bs,30,40,speech,waterfall,,
oCrByzqn1w8,0,10,stream,,,
5OGiHvm-CjY,60,70,waterfall,,,
c2jVxRNpEcw,120,130,rain,,,
Os6f_bn7XnA,80,90,rain,,,
9G1EmBy9TNE,30,40,rain,,,
9Uk8z4598ho,30,40,rain,,,
35on6qTsE1Q,450,460,rain,orage,orage,
sjbxMVcfPEY,10,20,rain,rain,rain,
vzGVZyRfnhA,100,110,boat,,vehicule,stream
DzBBNs8emsE,0,10,rain,orage,orage,rain
3xkfQt09WaM,30,40,,speech,stream,
g4M57wvBTko,30,40,rain,speech,,
Rkue0DauHWA,20,30,rain,rain,,
9yTK9hr6Ahk,30,40,rain,rain,,
7Nnvy9DfTX0,30,40,rain,,,
-Z9rGEaiePs,30,40,stream,,,
0wPxYGq1y1Y,30,40,waterfall,stream,,
l1XOhuo1Fzs,10,20,rain,,,
NKewG722D3Q,30,40,waterfall,,,
4ZlG9VQfhms,20,30,speech,stream,,
tTv_Bp_pooM,190,200,,rain,,
n5hVGHhz7pU,10,20,stream,,,
3ybbuxEAbYU,30,40,stream,,,
K1xLAsd9J4U,11,21,rain,,,
T23p875-7YE,16,26,rain,,,
AqyuT4K_djM,30,40,waterfall,,,
5FmjSsPuqgI,30,40,speech,waterfall,,
1QFdLEJ5blM,7,17,,stream,,
9oJdSZQti1I,30,40,rain,orage,orage,rain
fz6319xc1EE,480,490,rain,orage,orage,rain
8HZCTp56T28,50,60,rain,,,
2BkwhIilNPg,30,40,speech,stream,,
a_dXnPu_X3U,30,40,,rain,,
VVYAKeCOEu0,0,10,,waterfall,,
J4L2npvHizY,80,90,,waterfall,,
12PDR1SiMoY,30,40,speech,stream,,
CnlguWqUZag,0,10,waterfall,stream,,
3ftKBL3_lvM,20,30,stream,,,
2zbXEuzRMPw,60,70,,rain,vehicule,speech
hqorxwSctbA,20,30,waterfall,stream,,
myyzG5TnW1g,90,100,stream,,,
hG5i6XM6x7w,14,24,rain,rain,,
fmtaOcfvwNE,70,80,rain,,,
0YyA3W-SVUg,30,40,stream,,,
WfQCkLk_3Fg,80,90,rain,vehicule,speech,car
dyQa_4yVKfo,150,160,rain,rain,,
ixa_gipYQAg,30,40,waterfall,stream,,
ltPqAXjtF38,10,20,rain,orage,orage,
eBHT2f5Ba_I,30,40,stream,,,
4bdL58gRIEw,27,37,speech,stream,,
0GcTTYOsNvM,370,380,,stream,,
pugWzqjNhT0,20,30,rain,rain,,
Zl8E_XwFQlw,60,70,,waterfall,stream,
48ZzOxhQo2Y,23,33,stream,,,
utYf-fvcCfg,500,510,stream,,,
PkSIiC5xkgs,140,150,rain,,,
1xvkw3QEkvk,100,110,rain,rain,,
zswaur9BwHY,80,90,speech,stream,,
F4txUzQDb2Q,20,30,rain,rain,,
Ymx1PHNmCaQ,30,40,rain,rain,,
14BiPWwhLik,5,15,speech,waterfall,,
fSy6psUSwxA,60,70,rain,rain,rain,
Vo9oDF1ic2A,30,40,rain,,,
CzXit5-Om7Y,160,170,,ecoulement,stream,
UROFw58Gk5I,330,340,waterfall,,,
8WyHwWtWF1k,50,60,rain,orage,orage,
0-0Ffqsq7OU,30,40,speech,stream,,
NXvhxekJIAA,120,130,rain,rain,orage,orage
js2jHPDRpEc,20,30,waterfall,,,
QYZbVtmFZZ0,30,40,waterfall,,,
2kaT96w_wPc,30,40,,waterfall,stream,
NX302uFCgNU,10,20,rain,rain,,
aHCub8uLWh8,30,40,rain,,,
qgQL2hFUhVQ,30,40,speech,stream,,
NuIVwVGo6f0,200,210,wave,speech,stream,
18UWkDuVld4,60,70,rain,rain,rain,
3ER_R_mYs08,0,10,stream,,,
1hIZFI7Bj6E,50,60,rain,rain,,
rzLIwsgq0lo,30,40,rain,rain,,
2Hwt4ST-ybs,30,40,speech,stream,,
zRkyVw0ccgI,110,120,,rain,vehicule,car
bwiD5IyzaEk,30,40,rain,,,
8DRoC8RzBJw,10,20,splash,stream,,
upy6ALOEdWQ,90,100,rain,speech,,
CH52etGYvGM,30,40,rain,orage,orage,rain
3sLSvMOBcXo,30,40,speech,waterfall,,
i2l41x4kycw,30,40,rain,rain,,
lMJIMRwFWOI,10,20,rain,,,
8LqRGBN0dKU,60,70,rain,orage,orage,rain
-Rz8LwXTooY,30,40,waterfall,,,
LF20fcifBZE,0,10,,ecoulement,speech,stream
6atfbaRh6Xk,30,40,rain,rain,,
579lMojxq8I,30,40,speech,stream,,
1rZpJrFfTUo,60,70,waterfall,,,
BX0DOvesl5c,60,70,stream,,,
_4-SWQZ_QXM,30,40,waterfall,,,
UbFqbU9ZsH8,160,170,speech,waterfall,,
IUvponAbRrY,330,340,speech,waterfall,,
7j74Z3vcWgU,30,40,waterfall,,,
2bS4dwInH0A,30,40,speech,stream,,
OQEL5oX614w,480,490,rain,,,
v-idMEjAAQM,460,470,rain,orage,orage,
NKHr3EdTfzw,130,140,speech,waterfall,,
aLbF5zm1_Gc,30,40,rain,rain,rain,
Bm6aNEvnEHo,110,120,splash,speech,stream,
3U5acZQqAzw,30,40,rain,rain,,
tvx4_9kqB10,0,10,rain,orage,orage,rain
1gX0ohO3RLc,50,60,rain,rain,,
PLNguAAf7P0,30,40,rain,,,
5h8ETJ3yFmA,20,30,,waterfall,,
DQPwrpfAhDs,30,40,rain,rain,,
AJpMy2sFTbc,30,40,,ecoulement,speech,stream
2GkZcQN3jwo,30,40,stream,,,
5MIXgA43C0M,4,14,speech,stream,,
k_KVM-nGVFg,40,50,rain,orage,rain,
4x1W-EBWVqc,24,34,,waterfall,,
Q3vkal7B5fY,170,180,rain,rain,rain,
0c7VVEmn9Ec,30,40,waterfall,,,
5U-ynroFS5c,30,40,,speech,stream,
hST0QeWiW2s,0,10,ocean,rain,,
eBOaYPk_ZrM,0,10,stream,,,
HeWAnmDLQZY,60,70,waterfall,,,
o7_nGbxmRyk,410,420,waterfall,,,
gPq6nwkCrZc,350,360,rain,speech,,
LRRorMNLPyk,0,10,rain,rain,,
nO80e8wCDIA,30,40,ecoulement,stream,,
0Kpm27tHs2Y,30,40,stream,,,
4zg_GbwmkBs,25,35,rain,,,
ZJSHh_J6VfA,30,40,,stream,,
vGIKX2NBnxE,0,10,rain,rain,,
mswwtU3T6eM,30,40,rain,orage,,
NcjC_P_cQj0,240,250,speech,stream,,
k5fIL2xjJF0,180,190,rain,orage,orage,rain
9ybd-qoGNU0,0,10,,rain,,
HI_y-j_94W0,130,140,speech,stream,,
Dqe2v1cCKFk,30,40,rain,rain,,
jGPdpWWcP9U,260,270,rain,rain,orage,orage
1YMIuBtodxQ,490,500,rain,orage,orage,rain
pbO8ZvjkbDw,440,450,waterfall,,,
xImHT-yv1GE,250,260,stream,animal,,
BG419nJZh20,160,170,rain,rain,,
77o2-YBA9UM,140,150,rain,vehicule,speech,car
4ZpU9rVp8vM,70,80,ecoulement,speech,stream,
mX43XSwryGc,350,360,waterfall,,,
4lOwFWQ-nQc,13,23,stream,,,
5raLaNGUBM4,0,10,rain,orage,orage,
HJwkLcIU264,110,120,rain,orage,orage,
opDjivQ2SJE,220,230,rain,rain,orage,orage
WqXFAY4k79s,230,240,rain,rain,,
4Ukpz-_BsgI,13,23,rain,,,
GFIfHNi1egk,130,140,stream,,,
5Hh3nZGtzaI,30,40,speech,stream,,
4CdeOu7u7nI,150,160,waterfall,stream,,
107_aDOX5iM,30,40,,waterfall,stream,
rlnY_yrBX_8,210,220,rain,,,
xpeNiFfyIRs,170,180,rain,orage,orage,
3sMtgbnMNO0,30,40,rain,,,
8PAopfvURIc,10,20,rain,rain,orage,orage
ythhJs-up9Q,40,50,stream,,,
nNNL4lZj6NE,30,40,waterfall,,,
9DkBa0WMc4o,30,40,rain,rain,,
52a0p4cl3Kg,0,9,rain,,,
Rp4Ct_TQvAM,520,530,rain,speech,,
45-CyIZDUJg,30,40,,speech,stream,
RmwXIUVhc3g,50,60,stream,,,
3t5NkaixOAI,30,40,stream,,,
hvaRVTEQ5U8,30,40,rain,rain,,
Qpj4PyS0njM,20,30,waterfall,,,
jdbj01pEboA,30,40,rain,orage,orage,rain
ZMTyJ8FeltQ,40,50,speech,stream,,
A73LZ6LHuCo,30,40,ecoulement,stream,,
HsNZP97hAlo,30,40,rain,rain,,
PvGX-B_7CGs,20,30,stream,,,
EMtIMhwkgRU,30,40,rain,rain,,
LPEpU_brnt0,30,40,rain,orage,orage,
5NFcuhneNoY,30,40,,speech,,stream
-4wjU1nWdjQ,30,40,stream,,,
ASqW42YK6ao,100,110,stream,,,
KbHB0gOOej8,20,30,rain,,,
D2LLtou5w2g,30,40,rain,orage,rain,
2XtPuCQoTG4,0,6,speech,stream,,
0X7wdJiWkSE,30,40,,speech,stream,
r_rXwTtYS6I,10,20,vehicule,stream,,
IyW5qHePkzQ,70,80,stream,,,
4zur50xXsgU,30,40,stream,,,
1tN5gWUpr7A,12,22,,speech,stream,
VLpmYWKCIOg,360,370,speech,stream,,
25zovH3Djgw,23,33,rain,rain,,
PUJYW1Np_t4,50,60,rain,rain,rain,
216xsWb1OF0,9,19,stream,,,
AVU3-gt3tcY,40,50,rain,vehicule,car,
ke6MLxRXXr0,210,220,,speech,stream,
-56cenkHJns,30,40,,stream,,
fr5JvpPof9Q,30,40,rain,rain,,
-6W7XwMApL8,18,28,speech,waterfall,,
jQaGWDFUvnY,20,30,rain,,,
2utaodyuqRY,50,60,,rain,rain,
EFYtZeM7Hik,30,40,rain,rain,,
F9JyQs0L7kY,10,20,stream,,,
AyjjP5CeWmM,30,40,waterfall,,,
JXzqPqmc2IQ,20,30,stream,,,
3FMLqFLkvXA,30,40,speech,stream,,
SmjrIsMKRfs,10,20,rain,orage,orage,
9CoRUz1O-qQ,23,33,rain,,,
6zrqX5Em4NQ,70,80,rain,speech,,
YzHZy5wZ6nQ,40,50,waterfall,,,
dqt3SQ0OBqo,30,40,rain,,,
JUnYHY58J_k,60,70,rain,speech,,
Da_NrBx9Mns,30,40,,waterfall,stream,
wwlQLP_CSog,200,210,stream,,,
gogxLQDxSaw,30,40,rain,,,
k5_lMlg5koc,50,60,stream,,,
TiD7NNg8Qig,80,90,,rain,,
T-lUwWaF6iM,10,20,speech,stream,,
rC2-2yETb48,190,200,speech,waterfall,,
AcNG-vRGoPE,20,30,waterfall,,,
uNeUQalSOQw,30,40,stream,,,
ZJsVXUDKHoY,30,40,rain,,,
rEX0Kg5F-cc,20,30,rain,speech,,
NO3wcHMaWbs,0,10,rain,vehicule,speech,car
pQN0UgvjBWQ,170,180,waterfall,,,
JRQgyFZ59yA,50,60,waterfall,stream,,
u_CLThq7ivE,100,110,waterfall,,,
wwgrE81fJas,120,130,waterfall,,,
efmUbhmMANQ,20,30,stream,,,
Z_l9gQpgRv8,270,280,speech,waterfall,stream,
4PaU48K6yqw,30,40,speech,waterfall,stream,
f7S4AqF68fQ,50,60,stream,,,
ZLn_omA0-Ec,30,40,rain,rain,,
9d6TXYo1RaA,30,40,rain,rain,rain,
G8HrMnU9RzE,240,250,rain,,,
bzpmIvS_k5s,30,40,speech,waterfall,,
UJ31XwAeAHc,240,250,rain,orage,orage,rain
qD5eTKgpzYQ,0,10,rain,orage,orage,
1D2G4XRcp3w,30,40,speech,stream,,
jaQD5Ugj2IU,0,10,rain,orage,orage,rain
4ukKhCpg1d4,30,40,speech,stream,,
2zGrM5fLSrM,30,40,waterfall,stream,,
CyjsncwyYK4,21,31,rain,,,
pva3MaypxNI,200,210,stream,,,
4EXrgoHMsZw,30,40,stream,,,
09-EW8U2qnA,30,40,,speech,stream,
1bpTAGV-Kyc,10,20,,stream,,
6TO-9scVR-8,30,40,rain,rain,rain,
YNC9GJrEGcA,150,160,rain,orage,orage,
PGVh9Ny8o_E,140,150,waterfall,,,
2tnJEqXSs24,30,40,rain,,,
CWSeZYamlTM,0,10,bain,stream,,
-KeQVqJESLc,30,40,speech,waterfall,stream,
z4IK5x4ZMQU,150,160,rain,orage,orage,rain
34CvI03bTZM,2,12,speech,waterfall,,
6ApveqsxRso,20,30,rain,,,
8MMN-gPDmyc,30,40,waterfall,,,
7OtSwCycAL4,30,40,rain,,,
9Z8ikRREnT4,30,40,stream,,,
UM30I-SFBJ8,30,40,rain,orage,orage,
JF8uR70ahW8,30,40,rain,rain,,
ZvyEDJsMhF8,40,50,speech,stream,,
G2KruS9nW70,30,40,rain,orage,orage,rain
w1YEOpqBogg,50,60,stream,,,
bdDSvdWtaXs,30,40,rain,rain,rain,
TJBJCHhkh5Y,40,50,waterfall,,,
0qsASqgfEoo,13,23,,speech,stream,
y_Z_ZSGCOW8,30,40,rain,rain,,
9WpqNdzaVCU,10,20,splash,speech,stream,
V4Pz7ADbPUU,130,140,stream,,,
OIT-zwMfa2w,240,250,rain,,,
utg7mGrstc0,60,70,rain,speech,,
RYhn4eumHhk,20,30,ecoulement,speech,stream,
amxTmrDCPSM,240,250,,speech,stream,
qDGSxrLbbgA,50,60,waterfall,,,
-vNFrV-aAv0,23,33,speech,waterfall,,
UBtoatIUYO4,140,150,,waterfall,stream,
-iAwKuP13jU,30,40,rain,rain,,
0ygSi7-4Uq8,22,32,rain,orage,orage,
Yw7qcJ-4RV4,90,100,rain,rain,,
qwtYWZ4aMXE,50,60,,rain,speech,animal
2jhRrKa_rzI,0,10,speech,stream,,
QOIFjj4vd6w,40,50,rain,rain,,
snYorka1Q4Q,160,170,rain,,,
4abYtdopuVE,0,10,rain,orage,orage,
_-P9ByS3poE,50,60,waterfall,,,
NThuMi5y1gA,30,40,rain,orage,orage,rain
Fda5DR5laUA,130,140,,speech,stream,
9Kk-mmS9Of0,30,40,rain,rain,,
E-6OT5y8Uyg,380,390,speech,waterfall,,
Dp2vCpwoug8,30,40,stream,,,
sl6si75Yhg0,90,100,rain,orage,orage,
BgGpE81WlpA,30,40,rain,vehicule,car,
gpdwcBK7azA,30,40,rain,,,
_nSIzPiMb28,100,110,rain,orage,orage,rain
D4vTFTgOaEI,20,30,waterfall,,,
S_NJ0sHYBAk,20,30,rain,rain,orage,rain
-7FjXQgpVXw,220,230,stream,,,
tIaVW7HzoXY,10,20,speech,waterfall,stream,
b9MftdZCmO0,30,40,rain,rain,rain,
vym62AsU3Eg,20,30,rain,,,
iIDhU69HYu4,30,40,rain,,,
ur2vTdAg7yE,17,27,rain,rain,,
qn3py98NV_E,500,510,rain,rain,,
I5ASp4YgYO8,20,30,rain,rain,,
zGHygnqsvpA,0,10,speech,stream,,
w7AWvlkY2Fg,160,170,rain,rain,orage,rain
1Z1NKHQfJAc,30,40,stream,,,
FwZXkaBgHpU,0,10,,rain,,
pSFTGtCilS0,10,20,speech,stream,,
CwpMiJiPusY,50,60,rain,rain,,
pQ5Gy1a0EpU,150,160,waterfall,,,
3bvr6I8bf2E,14,24,speech,waterfall,,
Ef6Ohp6Ogrc,30,40,speech,stream,,
fhjFSTvObcA,30,40,waterfall,stream,,
33IJzbVWSOo,30,40,,stream,,
a7a_hJyU8AE,10,20,rain,rain,,
YPTpNhqvM9w,10,20,waterfall,,,
yHdctryb3H8,30,40,,rain,,speech
UBtoatIUYO4,140,150,,waterfall,stream,
oVJTxR77x6g,10,20,speech,waterfall,stream,
rgqyTnZjuMg,350,360,rain,rain,orage,orage
-IqKCSPH-SE,30,40,rain,orage,orage,rain
UEUpSo3WVmY,30,40,rain,rain,,
dr4JbNp78B4,580,590,,speech,stream,
BuMC5iUHk1M,550,560,rain,rain,rain,
W7PLmzVgvII,160,170,waterfall,,,
uVJFYyFUGdk,0,10,speech,stream,,
3OiJmeOcHQA,30,40,speech,stream,,
0Ui0shNtHfY,30,40,speech,stream,,
1WfbI24vUlw,30,40,speech,stream,,
K4h0Z3y2iRk,120,130,rain,rain,,
u1s8Us_Kuhc,540,550,rain,,,
ARETlwpUZUc,30,40,rain,orage,orage,
a2vy2lIVBTE,140,150,rain,,,
_zj3RTpeYG8,20,30,speech,waterfall,,
vRPgrCmu5FA,290,300,,speech,stream,
GDNkZsfjkbo,30,40,rain,rain,rain,
MvAu8p6KZ1w,210,220,rain,vehicule,,
7kyccRJZNaU,150,160,waterfall,,,
54pvj_8EPzw,30,40,speech,stream,,
FuibtzeRy24,110,120,speech,waterfall,,
6g72EGL2qK8,180,190,rain,,,
p1-4WICXPgs,80,90,rain,orage,orage,rain
4XN9HiX5lJE,60,70,rain,,,
GDsTJw3JgN8,520,530,speech,waterfall,stream,
s8Y3H9at1XI,280,290,rain,rain,orage,orage
SUNKXlbCDc0,10,20,stream,,,
QkWsAOgzT8E,30,40,stream,,,
-J33gVrCxPM,30,40,rain,orage,,
ugiZT0A8kXg,380,390,speech,stream,,
Ps5Fc6IvvcY,30,40,rain,orage,,
yX7iL7RfFhI,20,30,stream,,,
ELp4lJJ-pgQ,240,250,,speech,stream,
FD6AA6Yx0Bg,30,40,rain,rain,,
tAh6TzbxRFs,170,180,stream,,,
s0opSNxeiSY,100,110,rain,orage,,
bbub88kh48o,30,40,rain,rain,,
Kw9H1j4IskU,180,190,stream,,,
eaNj43bRZy0,60,70,rain,,,
O32kwHyMLaw,30,40,rain,rain,rain,
sMCfaBBKcx4,560,570,stream,,,
EU-U1rDmLks,220,230,waterfall,stream,,
3CDuX9olP3o,70,80,speech,waterfall,,
YSGNq-l_HA8,30,40,stream,,,
N5yuq4aT8os,0,10,splash,speech,,stream
YdW0AN4fCCU,30,40,rain,rain,,
0UwpVQSg2uE,21,31,waterfall,stream,,
X5lzl_iXY_c,320,330,,waterfall,stream,
9cyh6Ru0zL8,30,40,rain,rain,,
PRlFQELvNcE,30,40,waterfall,,,
4jUJJhD3Yow,30,40,rain,rain,,
409Iny_1kjU,19,29,stream,,,
voZgzIXDkdE,30,40,rain,rain,,
ZnX_hztvtmA,60,70,stream,,,
2xXTD9VRyco,23,33,speech,stream,,
i36KCPpP_k4,30,40,rain,rain,rain,
2X_1mwKET5s,30,40,rain,rain,,
V-0deAyiACs,320,330,rain,,,
5RuYG5BLBk4,30,40,stream,,,
4WjZ-uxr0yY,7,17,speech,stream,,
pHP44an0V7w,20,30,rain,vehicule,,
3EEgrP8Gl1w,27,37,waterfall,,,
XQrW3CWCm4A,20,30,stream,,,
N_r93hxVJvI,20,30,rain,vehicule,car,
7UhpWR0_rrE,30,40,speech,stream,,
5Q_4FhNzLLA,30,40,,speech,stream,
ayTnCWzviLE,10,20,speech,waterfall,,
jynU7mRWi2E,30,40,rain,,,
NSzVbE8LyEI,90,100,rain,vehicule,car,
45rANyBNSsg,30,40,speech,stream,,
rFK24tB5lSM,30,40,stream,,,
YWKpgW_eWJM,20,30,rain,ecoulement,,
59Xzx2uzurw,0,10,rain,,,
BRqzVZd3Wuo,30,40,rain,rain,rain,
Bcw8gRr0mMw,30,40,rain,rain,,
-o6T-RD0lxo,30,40,speech,stream,,
1u3NqLSqQpo,40,50,waterfall,,,
Ir1Y-WQ7prw,30,40,stream,,,
wl3KSEaTx6w,40,50,rain,rain,orage,orage
DhLFwoGkRek,30,40,rain,,,
-FWxy7eaFJE,30,40,waterfall,stream,,
UQOxVzb5pkI,30,40,stream,,,
Pwv7epJlHE0,50,60,speech,waterfall,,
0vBsN3fFlFQ,60,70,stream,animal,,
aAUOZHTQV3E,0,10,speech,waterfall,,
JQ5hwzlNI50,10,20,waterfall,,,
bApKRRoNd_E,100,110,rain,orage,orage,
IiyoQd2vdvE,30,40,rain,rain,,
s6vbpIXK4CM,60,70,waterfall,,,
nwvdiJ7Czis,210,220,rain,rain,,
0eUP-kgUfek,13,23,stream,,,
GI33MSw4-jw,30,40,speech,stream,,
f7IB4-RgSdI,450,460,waterfall,stream,,
F-NGMqnBoHg,30,40,rain,rain,rain,
1DfkUEJAxR4,30,40,,stream,,
BaYgiSAUF5U,20,30,rain,,,
HeutsU7FhHI,26,36,rain,rain,,
Tnh-zX3CJuI,30,40,rain,speech,,
0c7bZtdKfTw,40,50,waterfall,,,
89LpXY16qY0,30,40,rain,,,
ftYwyaZlWc4,30,40,rain,rain,rain,
yu2A8DKLtkU,40,50,stream,,,
9Cj2o8Gix9A,30,40,rain,rain,,
35FLM9sCX18,30,40,speech,stream,,
-17HGDPd8gE,30,40,waterfall,,,
Z8DygMIhWRs,50,60,rain,rain,orage,orage
aiTS9wOmJfA,70,80,stream,,,
5EZfmwiXfy0,130,140,waterfall,stream,,
phSeC-he8lU,220,230,rain,,,
Ym0XiwhsORY,30,40,waterfall,stream,,
xNMovAf3o50,0,10,rain,orage,orage,rain
OfNvyN9shs8,50,60,rain,,,
E_h6bakGk3o,30,40,ecoulement,speech,stream,
1FX1FyCxoCY,30,40,,speech,stream,
vX4FySu3EaY,100,110,stream,,,
59ZluqHev5g,14,24,ecoulement,speech,stream,
A1qnBfnXb0s,10,20,rain,orage,orage,
5MP3rSg1scs,30,40,,speech,stream,
i6OXThM75Fs,30,40,rain,,,
f4NqqWz-aG0,510,520,speech,waterfall,,
-U_cnWB7l4A,30,40,rain,rain,,
A-LVK62S8JY,140,150,speech,stream,,
TlycTvXn8wo,30,40,rain,rain,rain,
sUgwcGzpmSU,10,20,ecoulement,speech,stream,
K2EuMb92X7c,0,10,rain,,,
XHA7pPuA6Pg,80,90,stream,,,
GNo39vqvZ28,20,30,rain,rain,,
BndvWLg8hkM,80,90,stream,,,
tzaqEHSxpXY,40,50,ecoulement,speech,stream,
IVu-bkg226E,190,200,rain,orage,orage,rain
haNWEsPytCc,0,10,waterfall,,,
F0_jxPPFuoA,260,270,waterfall,,,
wGShbOzy6Fc,130,140,speech,waterfall,,
8Aw6ShgCPIM,12,22,rain,,,
YwB7s1PFTZQ,70,80,waterfall,,,
tRpJl2zcnyA,20,30,stream,,,
4HtkTDr342c,30,40,speech,stream,,
jDldsE_ZIoY,0,10,speech,stream,,
UcAWW_ZX1XM,0,10,stream,,,
-_ovBkOEp6o,30,40,stream,,,
eeF8VyEmDXk,30,40,robinet,rain,rain,ecoulement
qAHMZSNpwY0,200,210,rain,rain,,
nP2tN4KHOVo,30,40,rain,orage,,
8SvdPUH1zRE,20,30,ecoulement,speech,stream,
EkBUAZR_CRg,20,30,rain,rain,orage,orage
W09GbovM7ew,160,170,rain,rain,rain,
NA9ygE3Izo0,150,160,rain,rain,rain,
oIT_yVnpUGc,30,40,rain,rain,rain,
3rJqgw6013U,30,40,,speech,stream,
0npijV55Pl8,30,40,rain,,,
32PMPflwS8U,30,40,rain,rain,,
4Z9FO9uEUwA,30,40,,stream,,
G8LR-rJFHHs,30,40,rain,speech,,
XZwZf_f1hBY,60,70,stream,,,
jBWXILcP8fA,10,20,speech,waterfall,stream,
lmroMgfHNHc,400,410,rain,orage,,
FaQ-fJ4n2Lg,250,260,stream,,,
3qTL7QRk-tg,30,40,,stream,,
t43X3Tjb9Bs,0,10,waterfall,,,
CLZ80Fco0Wc,490,500,waterfall,,,
3DZ_cgeb62I,0,7,speech,stream,,
FTDs69nLJSE,10,20,speech,stream,,
a59j5ZuPRK4,30,40,rain,rain,rain,
50Pb8Q7RFnw,30,40,stream,,,
CF2wy5wVxDQ,60,70,speech,waterfall,,
0t39tkyiTf8,30,40,speech,waterfall,,
zyAWoSIGrZk,190,200,rain,rain,,
ARLBEK3YmSM,30,40,rain,rain,orage,orage
EKXpdHlTp6o,30,40,rain,rain,rain,
S9zhvkpmqy8,40,50,stream,,,
Thgx77uFDN8,340,350,rain,rain,orage,orage
ebwrVQ5fBjU,30,40,rain,orage,orage,
4uB7sJmv76s,30,40,speech,stream,,
hbc0l8cKkqs,30,40,speech,stream,,
MBOUXUm0dow,110,120,rain,rain,orage,rain
J8xPXZk7J8g,30,40,rain,,,
AAJg7eAaEL0,30,40,waterfall,stream,,
6ZFCXGAbz3s,340,350,rain,orage,orage,rain
A5UfMEhyYao,70,80,stream,,,
aIa2B-UHJLk,20,30,rain,rain,rain,
Y4TcBWd1rbM,100,110,rain,vehicule,speech,car
jJN56dPYqjA,200,210,rain,,,
IS4EeI-GWHo,27,37,stream,,,
fo5FqnIynic,40,50,rain,,,
1KZ6icsNw7g,30,40,,speech,stream,
y5jOXgocPVE,10,20,rain,splash,,
PE8pBWEkxrM,30,40,stream,,,
509nBIRhfzU,30,40,rain,rain,,
YKy3wQONai4,30,40,,stream,,
I9TWjcMVtDE,0,10,waterfall,,,
JTPiqZQq6F4,70,80,stream,,,
UuMr7xAQaE8,260,270,rain,vehicule,speech,
WeqJsVWIQzc,60,70,rain,speech,,
dMuJikDDhBM,130,140,rain,rain,,
jSBQeIdU8MI,7,17,rain,rain,rain,
JWyCAnkcfAc,12,22,rain,orage,orage,
Lf0uRoEQPHo,430,440,rain,rain,orage,orage
2xUnMI0gNpE,30,40,speech,waterfall,,
Rd3pFQoJW9k,30,40,rain,rain,,
-7dcq0-6-dc,90,100,rain,orage,orage,rain
u-A9erLR2wo,30,40,rain,,,
0zOW4ZvwLlc,21,31,stream,,,
UWjfqwqybeE,210,220,waterfall,,,
P2FJBJOYkW4,30,40,speech,waterfall,,
qXg_DYNXr3E,90,100,ocean,speech,stream,
73g3Mpg8g-o,110,120,speech,stream,,
4XxGngp4naI,30,40,speech,stream,,
3b23umXzPVA,30,40,stream,,,
RaHEVOgw6PY,390,400,rain,orage,orage,
IQGE14m-HyY,160,170,rain,,,
Y6VPx0xQI_Q,0,10,rain,,,
4eLRC8McfJw,30,40,waterfall,,,
17TexprYXjc,30,40,rain,rain,rain,
QbBpR4yhQZo,430,440,waterfall,stream,,
20mc3B5NYSk,30,40,speech,stream,,
B4QTZYosyPc,40,50,ecoulement,waterfall,,
5TXxHzOGN2k,16,26,rain,,,
8esWnlIeZnI,0,10,rain,orage,orage,
aM9PrRNoHp0,50,60,,rain,vehicule,car
1QjWMXhkpoU,0,6,waterfall,,,
wbHTKEJZyhc,20,30,speech,stream,,
V0kNB-Orck4,0,10,speech,waterfall,,
e8sZbhps9to,70,80,rain,rain,rain,
HPTZWZOIfd4,70,80,rain,orage,orage,rain
ESIJFMdFcyc,130,140,stream,,,
4LYzTL-fyus,30,40,stream,,,
DLyyuokM2Rw,30,40,rain,rain,rain,
oyjNyUU-UJw,70,80,stream,,,
os_S79TKLJc,30,40,stream,,,
M8IZNvZedPI,310,320,speech,stream,,
K3KD4ekUw9c,130,140,rain,orage,orage,
ZUZ33DFj6F0,20,30,waterfall,,,
xmd2fXgYtNg,330,340,stream,,,
jcPOI2vKkBE,100,110,stream,,,
mPYG5cYPSs4,10,20,,rain,vehicule,car
QIXD95hGmYQ,80,90,stream,,,
bugjkdhcb7U,210,220,,rain,vehicule,speech
80Qoz5Csrtg,30,40,rain,rain,rain,
2rr_VLCtSYc,30,40,,speech,stream,
Xt3_pRQK8Gs,30,40,rain,rain,,
44G2wwkdmIA,30,40,stream,,,
kJT3BayBhDo,0,10,waterfall,,,
unJ0TMDmnDQ,80,90,speech,stream,,
AvGyw4Sc_yo,30,40,rain,orage,orage,
9BsLtCuGP-k,350,360,stream,,,
kCgAgivBLTo,250,260,speech,stream,,
ITNQzeXoYrE,510,520,rain,rain,,
OXflN8v08NE,30,40,rain,rain,,
1wDhX7N4oAc,30,40,,stream,,
7L1hl-7eLKQ,220,230,rain,orage,,
2xeCNAK-WQI,30,40,speech,waterfall,,
YwIaU2pj11k,10,20,,stream,,
J2UYY8l-i2M,200,210,waterfall,stream,,
J68vIUUWSx4,30,40,rain,rain,,
6LJRzMd9NJQ,21,31,rain,,,
uzyFFoUHbdE,20,30,waterfall,,,
BgPySuMUtGQ,30,40,rain,,,
5GJ9ESfl-Lo,30,40,,stream,,
d7zUZ_8QrX0,410,420,stream,,,
uB3OY3XYjdE,100,110,,,,stream
FjA2rwgOFl0,30,40,rain,orage,orage,rain
LumTOBKEo-o,120,130,waterfall,stream,,
XiVErvmiO_M,50,60,vehicule,stream,car,
1Ibuuyv7sJA,30,40,,speech,stream,
R53MCiSbgIc,140,150,rain,vehicule,,
mIX43uy4Zvg,0,10,rain,,,
8SSmaIpwTH8,30,40,rain,,,
h4aHKo4yNuo,270,280,rain,,,
c1Gh7z_7tlg,230,240,speech,stream,,
GonHyvStSJs,30,40,ecoulement,stream,,
Ufc8d8M7i4E,20,30,rain,speech,,
1FIT_SntGu0,16,26,,speech,stream,
21_U3uk0i3w,20,30,rain,rain,rain,
TASm52h9PDU,30,40,speech,stream,,
7RxjqWvSxss,360,370,rain,rain,orage,orage
MC3xDXMyoxc,100,110,speech,waterfall,stream,
lWH8SlwGRzQ,0,10,rain,,,
EpjA5BwIS-k,40,50,rain,rain,orage,orage
581pwMH-aWw,29,39,speech,stream,,
plxzb-ZUNHs,20,30,rain,,,
G3fcLfe2HWs,110,120,stream,,,
FXQXhbxWCfc,40,50,waterfall,,,
XfGQQSGAOKY,11,21,stream,,,
7lWBxaOa-gw,30,40,rain,rain,,
fS1fxVwB9eE,250,260,rain,orage,orage,
nDRk8xREQlY,30,40,,waterfall,stream,
pqhg3AjTZ3Y,30,40,rain,,,
QdOkzu18HWw,490,500,stream,,,
8rhL_y3S6lc,30,40,rain,,,
F0BLYV-5bW4,430,440,rain,,,
NknZo2GCHw0,20,30,stream,,,
5IJGYiFD5Bw,0,7,,speech,stream,
ckOODjDRaCI,290,300,rain,,vehicule,
ksTsmtCOE8c,0,10,waterfall,,,
8Sw6aCXkKjg,40,50,speech,stream,,
0JzodnW7NvY,30,40,speech,waterfall,,
1RW4UqxuocI,19,29,,stream,,
MgePbY_AHxQ,190,200,,rain,vehicule,ecoulement
p7Muisrxasc,50,60,stream,,,
i4zW8FjlOFw,50,60,rain,,,
271Z3hSIipE,30,40,,speech,stream,
QtnEO-rl6OY,90,100,speech,waterfall,stream,
Y6c9dfP1I-U,480,490,rain,rain,,
3WEZhPZ1Hk0,30,40,waterfall,,,
TuZXjcQJbGI,410,420,waterfall,,,
Yf9ufRWS-YQ,150,160,,rain,vehicule,speech
GWrD8tCWmsU,0,10,waterfall,,,
WTCaSyHGifU,10,20,boat,,,stream
AznxvPoBr1w,30,40,rain,rain,rain,
7RCK5lQf3Rs,10,20,rain,rain,,
mXIdXOY2JCE,27,37,rain,,,
9S5TgG3vUa8,40,50,rain,rain,rain,
kL8C7evTMw0,90,100,stream,,,
F00zk_JrZVI,260,270,ecoulement,ecoulement,stream,
Sg4hzpugSfY,200,210,speech,stream,,
1d-Xhq3FIks,30,40,rain,rain,,
sUbqOGxOrjQ,110,120,stream,,,
ACatjITyGH8,90,100,rain,,,
od35-uY6Z2I,30,40,rain,,,
MhSAFL2Pgrc,80,90,stream,,,
c7sUarT1awg,0,10,rain,,,
fWmEBcKe3nQ,450,460,waterfall,,,
3t24Nwg0E5U,18,28,speech,waterfall,stream,
jXEisDd41PU,450,460,rain,,,
J9K_T_klwRQ,30,40,rain,,,
4Lb_BgcoExM,30,40,waterfall,stream,,
dktDmSB21JQ,0,10,stream,,,
Pq0U2GHYqCg,230,240,,rain,vehicule,speech
dWqVRGfXcMA,50,60,rain,speech,,
xBxDz0CFVn0,30,40,speech,stream,,
pR4U9eb_sOo,50,60,,rain,,
xtD9cKsTTu8,240,250,rain,,,
A2mxpZYCKSk,110,120,waterfall,,,
3PUqv5bETRk,30,40,rain,,,
j6sVwSK0B3Q,0,10,waterfall,,,
1i3FeSTii_Y,30,40,,stream,,
mOSMHfODFzs,230,240,speech,stream,,
b2B3agdZ1Mw,110,120,stream,,,
Adj2f6Z_Gfk,30,40,,stream,animal,
HzBNVQo9c4Q,30,40,rain,rain,,
RLegzwqs4Og,500,510,rain,rain,rain,
2gDwCOLJHOs,30,40,speech,waterfall,,
Lxsl_9XeVr0,520,530,rain,orage,orage,rain
v4jpw7-ZVhU,70,80,stream,,,
hFf2Qloq8Pc,70,80,splash,speech,stream,
wRphW91UZUA,0,10,rain,,,
8sRa2CH-pp4,30,40,stream,,,
RFUbDKS3W6s,340,350,stream,,,
8IJgzb5cPls,320,330,rain,rain,orage,orage
PTUEML2PtYc,1,11,rain,rain,,
QL-GkJ0BP0w,90,100,rain,orage,orage,rain
czQfzEXZuTU,30,40,rain,orage,orage,rain
CfpY0InwT1g,20,30,rain,rain,rain,
U63DitPwhF4,20,30,rain,orage,orage,
3poE9zc2bUs,30,40,stream,,,
3Z-0Cn4uFjA,30,40,waterfall,stream,,
IccWRFGfPro,30,40,rain,,,
bO19D4Vtlmo,240,250,,rain,orage,orage
sKdmY3NQl4I,460,470,rain,rain,orage,orage
D6SW5QgfmuM,30,40,rain,rain,,
ChDKSOopmUs,30,40,rain,,,
p6RhoJc9a5s,310,320,rain,orage,,
2G-BMlVRTCw,80,90,rain,orage,orage,rain
K21HGMK1ZWY,20,30,waterfall,,,
ra4G_cmoiVk,510,520,ecoulement,ecoulement,stream,
94jDpNVq_Mc,70,80,waterfall,stream,,
vB92GPo_pu0,170,180,speech,waterfall,stream,
A01VB5lBeyk,20,30,rain,orage,orage,
1_1X9l-Igmw,80,90,stream,,,
VsD9LZRAMmM,70,80,rain,waterfall,stream,rain
ofgfTlxl5F4,20,30,rain,,,
2lSFoxA9Hm4,30,40,speech,stream,,
KkWoPtv3i1s,0,10,rain,rain,rain,
QscQIvsA77I,450,460,stream,,,
FHr8zO7FIdg,9,19,boat,wave,,stream
oYxb-S6wKzs,30,40,speech,stream,,
EVGzabBIXLk,30,40,waterfall,,,
-dNN3A8-Lek,30,40,rain,,,
0xrYpzSnsBA,0,7,speech,stream,,
sRy0iUnqZhw,20,30,waterfall,stream,,
5SlnyygODc0,30,40,stream,,,
T_CYARJYomI,30,40,rain,rain,,
-FWxy7eaFJE,30,40,waterfall,stream,,
AEbHz6CsQRw,110,120,rain,,,
3pWUfF0c7l4,30,40,,speech,stream,
PxX1KKumbw0,0,10,splash,waterfall,stream,
-Bhh_EBGIbg,30,40,waterfall,,,
MCcYmAENHhI,330,340,rain,rain,,
nXKlXbLdGUc,30,40,rain,rain,rain,
BIo8Wntcd24,20,30,speech,waterfall,,
F_zqCvQAkRE,10,20,waterfall,,,
20nTUP0Obmc,3,13,speech,waterfall,,
xzJ1bcga-_Y,30,40,rain,ecoulement,rain,
-78PJlon8Zs,30,40,,speech,stream,
hkHpllrSu0s,50,60,rain,orage,orage,rain
rmjkYaVU_Pg,590,600,rain,speech,,
MR7uhVFUSnA,80,90,waterfall,,,
rptuQvh02F8,90,100,waterfall,stream,,
qQ4tZhsTQB4,30,40,rain,,,
egZM5tr2pOM,30,40,speech,stream,,
pxFvnpJjvjM,0,10,stream,,,
KqFRnVCCVMo,30,40,ecoulement,stream,,
3SQYK-BHnU0,30,40,,speech,stream,
39ifgRrm-yY,9,19,speech,stream,,
4LaG54RsNf8,10,20,rain,rain,,
8ZZwOFKifSY,60,70,rain,rain,rain,
4lMYA59o9i4,15,25,speech,waterfall,,
DhxJUwB9zxk,20,30,rain,rain,orage,orage
QQBrx-f4VOk,0,10,rain,orage,orage,
4yZGk04IJw4,30,40,waterfall,,,
zdjBeDLxEOk,30,40,stream,,,
dTcpnZJULuk,240,250,,stream,,
x25aKygypyI,50,60,splash,ecoulement,speech,stream
wCPbByYLc2w,22,32,rain,rain,rain,
3Pb1pDBe52U,30,40,stream,,,
IybG_w7TtTU,210,220,rain,,,
3l2qP9YClBw,40,50,rain,rain,,
naB0MtHKR4o,80,90,rain,orage,,
nAiFReBoQBg,510,520,rain,orage,orage,
xUKpHMa_Z1o,290,300,speech,stream,,
6yXIdFr__lE,15,25,rain,rain,rain,
Oy48YsdvkHE,0,10,,waterfall,stream,
iAPileVYHvE,80,90,rain,rain,orage,orage
252TDgwRuLY,6,16,speech,stream,,
N_XQWpFBjPI,20,30,,waterfall,,
dP4tjIORF-Y,180,190,ecoulement,speech,stream,
ZHe0M8c4XWA,0,10,rain,,,
N4kPxF5TNmk,140,150,speech,stream,,
6a-FJgx_7Pc,240,250,waterfall,,,
EnNE9_mGgc8,15,25,speech,stream,,
nNUlhkGBMsA,100,110,waterfall,,,
4LLWZCuGfgk,26,36,stream,,,
66-JkYDtqh8,30,40,stream,,,
Ew3wehHO3wo,510,520,rain,orage,orage,
5J7hT28kUiQ,30,40,rain,rain,orage,orage
BvIu7Z1-sMk,60,70,,stream,,
sknp8_K8CBU,10,20,rain,rain,,
mk1uvbTom3Y,10,20,rain,,,
g_DJVD08Tm0,60,70,rain,rain,rain,
5aBnq3MmZw4,30,40,rain,rain,orage,orage
oh7d67COxlw,40,50,rain,,,
Kud9AIOPvoA,0,10,rain,orage,orage,
retPLY3QU3c,40,50,speech,waterfall,,
9NWpZsfkk2Q,30,40,rain,rain,rain,
r--bvtqyXzs,30,40,rain,rain,,
Z82H7vNabzo,40,50,waterfall,,,
NO1m6SFg7KI,0,10,rain,orage,orage,rain
OUpz8u18VuE,100,110,rain,rain,,
Up4xv1vVLRc,70,80,ecoulement,speech,stream,
GT6VEFhyezk,9,19,,rain,rain,orage
3vO8XpivBhw,29,39,,waterfall,,
ZaXSyWZDftk,40,50,rain,rain,,
fMGdqOpuKss,200,210,rain,rain,,
yrP1c4KzHFo,180,190,rain,rain,orage,orage
csmQ66kaQmo,360,370,stream,,,
SLMP0PNGCDw,30,40,waterfall,,,
Bt3PemovohA,222,232,stream,,,
23wtCcm4iWQ,30,40,rain,rain,,
1Einzoi7gzw,30,40,rain,,,
njiFbOIeP4Y,40,50,wave,,rain,orage
U9goIzYo2GY,3,13,rain,rain,rain,
M0A9qlwfylE,220,230,rain,vehicule,car,rain
hPugG_6ss2U,30,40,rain,rain,orage,orage
-ZwmWiTQCok,30,40,waterfall,,,
Dvw-ikW0jQw,30,40,rain,,,
5BmCVMbGECI,2,12,stream,,,
vab9pULMmCc,30,40,stream,,,
NSz1xR1a9Ro,50,60,stream,,,
4-U3FnJoHww,210,220,speech,stream,,
BDIYReXRJS0,30,40,,stream,,
1it0wXTaX4Q,30,40,stream,,,
1GUAWETtesg,30,40,speech,stream,,
H7Z2sK-PWgY,70,80,waterfall,stream,,
D8lCtPZ9w9A,14,24,rain,rain,rain,
2a95IkhBD_4,100,110,waterfall,,,
v3Eqdfi5nXU,210,220,stream,,,
ibzlAi4VRDc,40,50,rain,speech,,
NEWcXUHtFFU,60,70,rain,rain,orage,orage
OakoeQ9YXhk,0,10,rain,,,
Zc4eDojBhlI,350,360,rain,rain,,
Ibbl6TewkHo,220,230,rain,orage,orage,rain
7xrylZH01X0,0,10,waterfall,,,
4eNQE_XLilM,380,390,rain,,,
OSLI7fhWyqc,130,140,waterfall,,,
3vyIRrllqow,0,4,rain,rain,,
AKSFUbeSxVg,30,40,speech,waterfall,stream,
-iLNkGemOS8,30,40,rain,rain,,
JOXMOdLIbPc,150,160,speech,stream,,
3EsTwvyEPAU,30,40,speech,stream,,
kM-CBMH1ehA,30,40,rain,rain,,
dZGMYCw9Ob0,60,70,rain,rain,,
g_z0np2wJ7M,190,200,,waterfall,stream,
G8UAtJTP8fE,60,70,rain,,,
heAZnCHZFa8,400,410,stream,,,
mS1pTXt7uf0,30,40,ecoulement,speech,stream,
cX2S0YfAbFE,210,220,stream,,,
ORT25T0R-Ks,90,100,waterfall,,,
u3w9kHGlIgg,40,50,rain,speech,,
YFc3YvlZ_Eg,140,150,rain,rain,rain,
3A55CHymIu8,30,40,speech,stream,,
zfI2lm2MHx8,20,30,rain,vehicule,,
oK8C0IYO7JU,170,180,stream,,,
_va5YHchwig,30,40,rain,rain,,
toC4QTRkZT8,70,80,rain,,,
164xOqUzg8Q,9,19,speech,stream,,
0xjrw60KFh0,140,150,rain,rain,orage,orage
ufkxsT3wcpU,30,40,stream,,,
Cb1i5ewiD3g,580,590,rain,orage,orage,
aUpcJRI1NyE,430,440,ecoulement,stream,,
9RMGCpQbqAA,340,350,speech,stream,,
DYGaEWwralg,30,40,speech,waterfall,,
pxT8bpQvaIc,150,160,rain,speech,,
36Em-kH_QEQ,30,40,speech,stream,,
z4CawBkCbR4,10,20,rain,vehicule,car,rain
55J1oe5ZCgM,10,20,rain,rain,orage,orage
zSXqCosOVuo,470,480,rain,rain,,
ESgnoz1IrOg,30,40,rain,,,
QjeOoDPkbwE,70,80,rain,rain,,
4x9sTigcNQ0,30,40,waterfall,,,
gkn6wM6B1CI,140,150,waterfall,,,
yDZEBlDPxyo,80,90,rain,orage,orage,
m6KiWOIEy6M,10,20,rain,speech,,
XY3b87uFxvM,30,40,rain,orage,orage,rain
nKiWwL-0vT4,51,61,rain,orage,orage,rain
Vyf_ONEmnwA,0,10,rain,orage,orage,
iGAHrpWbuOo,10,20,stream,,,
nUrk36kzczQ,70,80,,rain,vehicule,speech
_SI8GYJCwdo,10,20,rain,rain,,
3u3Do2iz354,20,30,waterfall,stream,,
LvxOmUG7i1M,70,80,stream,,,
EETSEDBPG3s,110,120,,stream,,
Dg-W6FVDI9U,140,150,speech,stream,,
ixa_gipYQAg,30,40,waterfall,stream,,
5X81qN7PLCw,560,570,rain,orage,orage,rain
90DoNVwwYa8,30,40,rain,rain,,
oE6yzyNgVsY,30,40,splash,ecoulement,speech,stream
TRVIWHPPdN4,10,20,waterfall,,,
wdCxj58juvI,30,40,rain,rain,rain,
iAwhOt-ujRk,0,10,rain,,,
ZIl4lXJBx9Q,19,29,rain,rain,,
3BAPfmUbev0,30,40,,speech,stream,
51Kvsp01J9A,40,50,rain,orage,rain,
0tDUaqm40Ds,430,440,rain,vehicule,,
41CLCpc_ArA,30,40,rain,rain,,
bME0YhUoj4E,230,240,waterfall,,,
H0DLb-0_t0U,30,40,rain,rain,,
iqBB0MK6Mi4,0,10,rain,orage,orage,rain
ieG31tm-Xjo,30,40,rain,,,
kF1qc5X-bD8,10,20,vehicule,speech,stream,
KBe_34WblIM,30,40,rain,orage,,
6LXjQlpQdwA,440,450,rain,,,
AaExZV45s4c,30,40,stream,,,
eOTRoVjyFak,340,350,stream,,,
2YdZJQOb94E,20,30,waterfall,,,
qUuFqZuzk5o,50,60,rain,rain,orage,orage
9_M-14XlW0Q,30,40,rain,rain,rain,
j8HSlMknCXE,30,40,rain,rain,,
OZJbmxe8Elk,40,50,stream,,,
e3Yl1Kf32Us,30,40,rain,,,
-a6v7VQjfII,60,70,rain,rain,,
Snw29nQYsv0,100,110,waterfall,,,
0LqegmkmcmA,17,27,waterfall,,,
5Hir6ZE-XYs,30,40,speech,stream,,
0JZetKN2fMw,40,50,rain,rain,orage,rain
JeVjgJSlA8Q,110,120,stream,,,
o7ho_An0ooE,30,40,rain,rain,rain,
9wj7we4XOEY,140,150,,rain,orage,
2csHJSFN288,30,40,stream,,,
1NgQoODj7QA,30,40,stream,,,
cGfvuB7OEiE,30,40,rain,rain,,
yVYCdnZSs58,30,40,waterfall,,,
0Z_u5K3Vgbw,30,40,speech,stream,,
WmiJDYTt9_A,310,320,stream,,,
iKi_WgdM3b4,340,350,stream,,,
4WnAV48E8jI,24,34,stream,,,
wMgUu_1p6Yw,30,40,speech,waterfall,,
3s0Q86kOCis,14,24,waterfall,,,
55Nti6nZv24,30,40,speech,stream,,
t79eAUXnams,20,30,stream,,,
FNR08S4dEc0,0,10,waterfall,,,
URnLni3NGgM,0,10,speech,waterfall,,
SXM_YSOBhP0,490,500,rain,orage,orage,
-6WzzJImdws,30,40,waterfall,,,
-9jguMTsT_k,430,440,rain,speech,,
lYUoyclhFBA,0,10,waterfall,,,
ZYcO1aHm7Qs,50,60,,rain,vehicule,
ae6EbwqZs9o,30,40,rain,,,
hXDandAtSQM,10,20,rain,speech,,
349V-W6TW20,1,11,,stream,,
_nPJcA3EcNo,70,80,rain,speech,,
Jq7xZHyhJBU,80,90,rain,,,
dDt7l8CiT7M,0,10,rain,orage,orage,
Eei-9w8hM_Y,40,50,speech,waterfall,,
xTSWnCiApuw,190,200,rain,orage,orage,
-16ZFtFAu8I,270,280,,speech,stream,
iXEpY_5ivDo,460,470,rain,orage,orage,
-RaCH2huqdc,9,19,,waterfall,stream,
XSisvSyDM3I,340,350,rain,orage,orage,rain
AXRpS1FaBjk,30,40,rain,rain,,
NMnpaSGo2xc,30,40,stream,,,
qbKhAePDCbE,50,60,rain,speech,,
3J2oAKsuIQg,30,40,,stream,,
sbLw7do4veY,60,70,stream,,,
264mSglALO0,550,560,rain,rain,orage,orage
tRw2HjHDVZI,140,150,rain,rain,orage,orage
kdQE1YeU3BU,240,250,speech,stream,,
3UvfaAXBPoo,10,20,waterfall,stream,,
8N-sgJB6Ias,30,40,rain,rain,,
-Chm_TzeYjA,40,50,,rain,,
PgVn9K9K3As,20,30,,rain,vehicule,speech
d6mXSgYm4JU,330,340,stream,animal,,
PytM3pMnGjw,40,50,rain,rain,,
5EFYHBn7660,20,30,boat,rain,vehicule,speech
-EQByFLFqig,21,31,rain,orage,rain,
t1SBD5drcKQ,170,180,stream,,,
Agh2EKINlSw,30,40,rain,rain,,
FOoQk1SxM7U,10,20,rain,rain,,
NaODcvzrWNM,40,50,rain,orage,orage,rain
oQKCsBlHCVU,70,80,stream,,,
0fVM17dtoIw,30,40,waterfall,,,
ww_nfkkHVEI,0,10,rain,rain,,
asA_jAOzbw0,150,160,speech,stream,,
LT80mm7UBJk,200,210,speech,stream,,
hWfxPQ6g4Is,40,50,rain,rain,,
G52wVwwmibw,110,120,waterfall,stream,,
YABcsidKI10,0,10,stream,,,
_HjZbE8Ozuk,0,10,ecoulement,speech,stream,
3igmCMqi7R8,30,40,rain,orage,orage,
AfMlXEOeSA8,30,40,rain,,,
9J5rnlMIYwg,200,210,stream,,,
2Xu7G_5dcHU,120,130,rain,,,
PEAIVf2F8eA,30,40,speech,waterfall,,
Ku2e09azlvM,330,340,,waterfall,stream,
XES8_f-zuL0,80,90,rain,orage,orage,
z4sX27TnCxs,20,30,stream,,,
9L5s6WTVeRE,9,19,rain,,,
hso6w8KbEkM,10,20,stream,,,
PkbUV3VqNfc,50,60,rain,rain,rain,
76jpIgi-OtY,30,40,stream,,,
ycG46mm5jZk,400,410,waterfall,,,
RySRqm8gs84,2,12,rain,orage,rain,
N9tY5W8lyFE,70,80,rain,rain,,
VPR1e-Jsmds,30,40,speech,stream,,
mL0aMdMHqSs,80,90,waterfall,stream,,
wP8ZKrlx3oA,40,50,rain,rain,,
fBvViHUWZbo,0,10,,waterfall,stream,
RUg-faVzla4,270,280,rain,speech,,
CF1N_U2oT40,70,80,waterfall,,,
TENamrXCOyQ,120,130,stream,,,
988LkZfWE4c,30,40,rain,,,
rKUU0pYEI6o,10,20,stream,,,
zzW6mUtNu5c,0,10,rain,,,
v8CkC7C-Lfg,350,360,splash,speech,stream,
-NhQ2e3GPg4,16,26,,speech,,stream
RXEu6I6j8tk,110,120,rain,,,
0IeLcTUog0E,27,37,speech,stream,,
z5oYO2t5ZDk,110,120,rain,orage,orage,
362UotAGKM8,30,40,speech,stream,,
sSbowzpqHCc,0,10,stream,,,
Epw2ffqSFHA,200,210,stream,,,
FtNE7hLjnRs,30,40,rain,rain,,
Mb3xRezrh_s,0,10,,waterfall,,
dnhtzWda-FU,260,270,rain,rain,,
0Qu0UcUQhdw,4,14,stream,,,
tLYDizvVeRI,30,40,rain,vehicule,car,rain
mypNduCcdg8,30,40,rain,,,
xmSXZ6zMhBU,50,60,rain,rain,,
PWxxAzD3ic4,180,190,rain,,,
Mt0HHTVgvv4,30,40,,waterfall,,
KAnfIsL6TzQ,580,590,rain,rain,rain,
7cA7UjHk0WU,50,60,speech,stream,,
akT73Tzmvyo,40,50,stream,,,
H3znbPaPfL4,0,10,rain,orage,orage,
wBWjf5k9sQ4,140,150,stream,,,
2Gr0eI5Y2X8,10,20,rain,orage,orage,
BI9-pNWZZaE,30,40,waterfall,,,
Gn32Vey5LE0,10,20,speech,waterfall,stream,
zDfFgCP2Iys,0,10,speech,waterfall,stream,
3lCA_wyaLpM,130,140,speech,stream,,
YQW1Kp3fBaA,90,100,rain,orage,orage,rain
9Z5AVOR7KyA,30,40,stream,,,
5CXOr4qJp7s,30,40,speech,stream,,
EmyiJq3UOO4,10,20,rain,rain,,
vDesxZe5tuE,200,210,speech,stream,,
P2IhuMOltHU,30,40,speech,stream,,
BkcXsC4AhIc,20,30,rain,rain,,
3Plb1QZBuZo,6,16,speech,stream,,
36VJzv_eVIM,14,24,rain,rain,,
2wrQuWK_hCY,7,17,rain,orage,orage,rain
BsMI1OUPT7M,280,290,rain,,,
YGwAfU1mSjI,20,30,stream,,,
RC2za_AFZl8,170,180,rain,,,
JERlIC3_IT0,30,40,rain,,,
ga_qsRgrTTc,50,60,rain,rain,rain,
3CyHW6MDGPc,30,40,speech,stream,,
8hgWjHhoes8,80,90,rain,vehicule,,
V1PJawziYmg,20,30,stream,,,
m8Hy2leYQ9U,570,580,rain,orage,orage,rain
xrEVo1zAa-k,100,110,speech,stream,,
gGJrcfv0Co0,30,40,rain,rain,,
QEX_zLDc2ZU,310,320,speech,stream,,
vQZHPoGL_jI,40,50,stream,,,
8TABmvhP0cQ,40,50,rain,rain,,
VIXAX78f5DE,6,16,speech,stream,,
aJgJ7l5m-rw,40,50,rain,rain,rain,
q-jor-n4qQY,160,170,stream,,,
wRH480I3D5E,20,30,stream,,,
OoOasZZRbec,40,50,speech,stream,,
lJUKqaQXgTI,30,40,waterfall,,,
